-- phpMyAdmin SQL Dump
-- version 5.2.1
-- https://www.phpmyadmin.net/
--
-- Host: 127.0.0.1
-- Generation Time: Oct 29, 2023 at 05:22 PM
-- Server version: 10.4.28-MariaDB
-- PHP Version: 8.2.4

SET SQL_MODE = "NO_AUTO_VALUE_ON_ZERO";
START TRANSACTION;
SET time_zone = "+00:00";


/*!40101 SET @OLD_CHARACTER_SET_CLIENT=@@CHARACTER_SET_CLIENT */;
/*!40101 SET @OLD_CHARACTER_SET_RESULTS=@@CHARACTER_SET_RESULTS */;
/*!40101 SET @OLD_COLLATION_CONNECTION=@@COLLATION_CONNECTION */;
/*!40101 SET NAMES utf8mb4 */;

--
-- Database: `my_db`
--

-- --------------------------------------------------------

--
-- Table structure for table `contraceptivemethod_request`
--

CREATE TABLE `contraceptivemethod_request` (
  `contraceptiveId` int(100) NOT NULL,
  `residentId` varchar(100) NOT NULL,
  `lastName` varchar(100) NOT NULL,
  `firstName` varchar(100) NOT NULL,
  `middleName` varchar(100) NOT NULL,
  `productId` varchar(100) NOT NULL,
  `productName` varchar(100) NOT NULL,
  `unit` varchar(50) NOT NULL,
  `quantity_req` int(100) NOT NULL,
  `givenDate` date NOT NULL,
  `clientType` varchar(100) NOT NULL,
  `changingMethod` varchar(50) NOT NULL,
  `reason` varchar(200) NOT NULL
) ENGINE=InnoDB DEFAULT CHARSET=utf8mb4 COLLATE=utf8mb4_general_ci;

-- --------------------------------------------------------

--
-- Table structure for table `medicines`
--

CREATE TABLE `medicines` (
  `productId` int(30) NOT NULL,
  `productName` varchar(100) NOT NULL,
  `sponsor` varchar(100) NOT NULL,
  `unit` varchar(100) NOT NULL,
  `batch` varchar(100) NOT NULL,
  `quantity1` int(10) NOT NULL,
  `total` int(10) NOT NULL,
  `expDate` date NOT NULL,
  `status` varchar(100) NOT NULL
) ENGINE=InnoDB DEFAULT CHARSET=utf8mb4 COLLATE=utf8mb4_general_ci;

--
-- Dumping data for table `medicines`
--

INSERT INTO `medicines` (`productId`, `productName`, `sponsor`, `unit`, `batch`, `quantity1`, `total`, `expDate`, `status`) VALUES
(65, 'Condoms', 'Family Planning Organization of the Philippines (FPOP)', 'Boxes', 'Batch 1', 50, 500, '2024-10-29', 'available'),
(66, 'Birth Control Pills', 'Family Planning Organization of the Philippines (FPOP)', 'Boxes', 'Batch 1', 30, 300, '2024-10-29', 'available'),
(67, 'Intrauterine Device (IUD)', 'Family Planning Organization of the Philippines (FPOP)', 'Pcs', 'Batch 1', 20, 200, '2024-10-29', 'available'),
(68, 'Diaphragm', 'Family Planning Organization of the Philippines (FPOP)', 'Boxes', 'Batch 1', 30, 300, '2024-10-29', 'available'),
(69, 'Birth Control Patch', 'Family Planning Organization of the Philippines (FPOP)', 'Boxes', 'Batch 1', 30, 300, '2024-10-29', 'available'),
(70, 'Birth Control Implant (Nexplanon)', 'Family Planning Organization of the Philippines (FPOP)', 'Pcs', 'Batch 1', 30, 300, '2024-10-29', 'available'),
(71, 'Birth Control Shot (Depo-Provera)', 'Family Planning Organization of the Philippines (FPOP)', 'Bottles', 'Batch 1', 30, 300, '2024-10-29', 'available'),
(72, 'Birth Control Ring (NuvaRing)', 'Family Planning Organization of the Philippines (FPOP)', 'Boxes', 'Batch 1', 30, 300, '2024-10-29', 'available'),
(73, 'Cervical Cap', 'Family Planning Organization of the Philippines (FPOP)', 'Boxes', 'Batch 1', 30, 300, '2024-10-29', 'available'),
(74, 'Emergency Contraceptive Pill (Morning-After Pill)', 'Family Planning Organization of the Philippines (FPOP)', 'Boxes', 'Batch 1', 30, 300, '2024-10-29', 'available'),
(75, 'Tubal Ligation (Sterilization)', 'Family Planning Organization of the Philippines (FPOP)', 'Boxes', 'Batch 1', 30, 300, '2024-10-29', 'available'),
(76, 'Vasectomy (Sterilization)', 'Family Planning Organization of the Philippines (FPOP)', 'Pcs', 'Batch 1', 30, 300, '2024-10-29', 'available'),
(77, 'Spermicide', 'Family Planning Organization of the Philippines (FPOP)', 'Boxes', 'Batch 1', 30, 300, '2024-10-29', 'available'),
(78, 'Contraceptive Sponge', 'Family Planning Organization of the Philippines (FPOP)', 'Pcs', 'Batch 1', 30, 300, '2024-10-29', 'available'),
(79, 'Intrauterine System (IUS)', 'Family Planning Organization of the Philippines (FPOP)', 'Pcs', 'Batch 1', 30, 300, '2024-10-29', 'available'),
(80, 'Multivitamins Syrup 60ml', 'Shell Pilipinas Corp. Batangas', 'Bottles', 'Batch 2', 30, 300, '2024-10-29', 'available'),
(81, 'Paracetamol Tablets 500mg', 'Shell Pilipinas Corp. Batangas', 'Boxes', 'Batch 2', 30, 300, '2024-10-29', 'available'),
(82, 'Mefenamic Acid Capsules 250mg', 'Shell Pilipinas Corp. Batangas', 'Bottles', 'Batch 2', 30, 300, '2024-10-29', 'available'),
(83, 'Ascorbic Acid (Vitamin C) Tablets 1000mg', 'Shell Pilipinas Corp. Batangas', 'Boxes', 'Batch 2', 30, 300, '2024-10-29', 'available'),
(84, 'Iron and Folic Acid Tablets', 'Shell Pilipinas Corp. Batangas', 'Boxes', 'Batch 2', 30, 300, '2024-10-29', 'available'),
(85, 'Robitussin Cough', 'Shell Pilipinas Corp. Batangas', 'Bottles', 'Batch 2', 30, 300, '2024-10-29', 'available'),
(86, 'Loperamide (Anti-Diarrheal) Capsules', 'Shell Pilipinas Corp. Batangas', 'Boxes', 'Batch 2', 30, 300, '2024-10-29', 'available'),
(87, 'Cetirizine (Antihistamine) Tablets', 'Shell Pilipinas Corp. Batangas', 'Boxes', 'Batch 2', 30, 300, '2024-10-29', 'available'),
(88, 'Salbutamol Inhaler', 'Shell Pilipinas Corp. Batangas', 'Pcs', 'Batch 1', 30, 300, '2024-10-29', 'available'),
(89, 'Acetylsalicylic Acid (Aspirin) Tablets', 'Shell Pilipinas Corp. Batangas', 'Boxes', 'Batch 2', 30, 300, '2024-10-29', 'available'),
(90, 'Ranitidine (Antacid) Tablets', 'Shell Pilipinas Corp. Batangas', 'Boxes', 'Batch 2 ', 30, 300, '2024-10-29', 'available'),
(91, 'Simethicone Drops (for Gas Relief)', 'Shell Pilipinas Corp. Batangas', 'Bottles', 'Batch 2', 30, 300, '2024-10-29', 'available'),
(92, 'Ibuprofen Tablets 200mg', 'Philippine Red Cross', 'Boxes', 'Batch 3', 30, 300, '2024-10-29', 'available'),
(93, 'Diphenhydramine (Benadryl) Syrup', 'Philippine Red Cross', 'Bottles', 'Batch 3', 30, 300, '2024-10-29', 'available'),
(94, 'Omeprazole (Proton Pump Inhibitor) Capsules)', 'Philippine Red Cross', 'Boxes', 'Batch 3', 30, 300, '2024-10-29', 'available'),
(95, 'Hydrocortisone Cream (Topical)', 'Philippine Red Cross', 'Boxes', 'Batch 3', 30, 300, '2024-10-29', 'available'),
(96, 'Zinc Supplements', 'Philippine Red Cross', 'Boxes', 'Batch 3', 30, 300, '2024-10-29', 'available'),
(97, 'Amoxicillin Capsules 500mg', 'Philippine Red Cross', 'Boxes', 'Batch 3', 30, 300, '2024-10-29', 'available'),
(98, 'Levothyroxine (Thyroid Hormone) Tablets', 'Philippine Red Cross', 'Boxes', 'Batch 3', 30, 300, '2024-10-29', 'available'),
(99, 'Atorvastatin (Statins) Tablets', 'Batangas City Municipality', 'Boxes', 'Batch 4', 30, 300, '2024-10-29', 'available'),
(100, 'Metformin (Antidiabetic) Tablets', 'Batangas City Municipality', 'Boxes', 'Batch 4', 30, 299, '2024-10-29', 'available'),
(101, 'Losartan (Angiotensin II Receptor Blocker) Tablets', 'Batangas City Municipality', 'Boxes', 'Batch 4', 30, 300, '2024-10-29', 'available'),
(102, 'Betadine', 'Batangas City Municipality', 'Bottles', 'Batch 4', 30, 300, '2024-10-29', 'available'),
(103, 'Biogesic', 'Batangas City Municipality', 'Boxes', 'Batch 4', 30, 300, '2024-10-29', 'available');

-- --------------------------------------------------------

--
-- Table structure for table `record_data_graph`
--

CREATE TABLE `record_data_graph` (
  `recordId` int(100) NOT NULL,
  `residentId` varchar(100) NOT NULL,
  `productId` int(100) NOT NULL,
  `address` varchar(100) NOT NULL,
  `productName` varchar(100) NOT NULL,
  `quantity_req` int(100) NOT NULL,
  `givenDate` date NOT NULL
) ENGINE=InnoDB DEFAULT CHARSET=utf8mb4 COLLATE=utf8mb4_general_ci;

--
-- Dumping data for table `record_data_graph`
--

INSERT INTO `record_data_graph` (`recordId`, `residentId`, `productId`, `address`, `productName`, `quantity_req`, `givenDate`) VALUES
(10, '312', 100, 'IlangIlang', 'Metformin (Antidiabetic) Tablets', 1, '2023-10-29');

-- --------------------------------------------------------

--
-- Table structure for table `request_medicine`
--

CREATE TABLE `request_medicine` (
  `req_med_Id` int(11) NOT NULL,
  `residentId` varchar(100) NOT NULL,
  `lastName` varchar(200) NOT NULL,
  `firstName` varchar(200) NOT NULL,
  `middleName` varchar(200) NOT NULL,
  `productId` varchar(100) NOT NULL,
  `productName` varchar(200) NOT NULL,
  `unit` varchar(100) NOT NULL,
  `quantity_req` int(100) NOT NULL,
  `givenDate` date NOT NULL
) ENGINE=InnoDB DEFAULT CHARSET=utf8mb4 COLLATE=utf8mb4_general_ci;

--
-- Dumping data for table `request_medicine`
--

INSERT INTO `request_medicine` (`req_med_Id`, `residentId`, `lastName`, `firstName`, `middleName`, `productId`, `productName`, `unit`, `quantity_req`, `givenDate`) VALUES
(1, '1', 'Manalo', 'John', '', '100', 'Metformin (Antidiabetic) Tablets', 'Boxes', 1, '2023-10-29'),
(129, '2', 'Dela Calzada', 'Agnes ', 'Reyes ', '69', 'Birth Control Patch ', 'Boxes ', 1, '2023-10-29'),
(130, '3', 'Sison', 'Agnes ', 'Dela Cruz ', '69', 'Birth Control Patch ', 'Boxes ', 1, '2023-10-29'),
(131, '4', 'Reyes', 'Agustin ', 'Santos ', '77', 'Spermicide ', 'Bottles ', 1, '2023-10-29'),
(132, '5', 'Lim', 'Alberto ', 'Cruz ', '77', 'Spermicide ', 'Bottles ', 1, '2023-10-29'),
(133, '6', 'Reyes', 'Alberto ', 'Gonzales ', '77', 'Spermicide ', 'Bottles ', 1, '2023-10-29'),
(134, '7', 'Santos', 'Alberto ', 'Bautista ', '77', 'Spermicide ', 'Bottles ', 1, '2023-10-29'),
(135, '8', 'Villanueva', 'Alberto ', 'Lim ', '77', 'Spermicide ', 'Bottles ', 1, '2023-10-29'),
(136, '9', 'Villanueva', 'Alejandro ', 'Fernandez ', '77', 'Spermicide ', 'Bottles ', 1, '2023-10-29'),
(137, '10', 'De Guia', 'Alexander ', 'Aquino ', '77', 'Spermicide ', 'Bottles ', 1, '2023-10-29'),
(138, '11', 'Dela Cruz', 'Alfonso ', 'Magno ', '77', 'Spermicide ', 'Bottles ', 1, '2023-10-29'),
(139, '12', 'Santos', 'Alfredo ', 'Sison ', '77', 'Spermicide ', 'Bottles ', 1, '2023-10-29'),
(140, '13', 'Gonzales', 'Alma ', 'De Guzman ', '85', 'Robitussin Cough ', 'Bottles ', 1, '2023-10-29'),
(141, '14', 'Ong', 'Alma ', 'Abad ', '85', 'Robitussin Cough ', 'Bottles ', 1, '2023-10-29'),
(142, '15', 'dela Cruz', 'Amelia ', 'Alonzo ', '85', 'Robitussin Cough ', 'Bottles ', 1, '2023-10-29'),
(143, '16', 'Hernandez', 'Amelia ', 'Alvaro ', '85', 'Robitussin Cough ', 'Bottles ', 1, '2023-10-29'),
(144, '17', 'Reyes', 'Amelia ', 'Balagtas ', '85', 'Robitussin Cough ', 'Bottles ', 1, '2023-10-29'),
(145, '18', 'Ang', 'Amelita ', 'Baltazar ', '85', 'Robitussin Cough ', 'Bottles ', 1, '2023-10-29'),
(146, '19', 'Gonzales', 'Amelita ', 'Banaag ', '85', 'Robitussin Cough ', 'Bottles ', 1, '2023-10-29'),
(147, '20', 'Sison', 'Amparo ', 'Caballero ', '85', 'Robitussin Cough ', 'Bottles ', 1, '2023-10-29'),
(148, '21', 'Lim', 'Andres ', 'Canlas ', '65', 'Condoms ', 'Boxes ', 1, '2023-10-29'),
(149, '22', 'Lim', 'Andres ', 'Casumpang ', '65', 'Condoms ', 'Boxes ', 1, '2023-10-29'),
(150, '23', 'Ong', 'Andres ', 'Dayrit ', '65', 'Condoms ', 'Boxes ', 1, '2023-10-29'),
(151, '24', 'dela Cruz', 'Angel ', 'Dimaculangan ', '97', 'Amoxicillin Capsules 500mg ', 'Boxes ', 1, '2023-10-29'),
(152, '25', 'Hernandez', 'Angela ', 'Enriquez ', '97', 'Amoxicillin Capsules 500mg ', 'Boxes ', 1, '2023-10-29'),
(153, '26', 'Reyes', 'Angela ', 'Fabian ', '97', 'Amoxicillin Capsules 500mg ', 'Boxes ', 1, '2023-10-29'),
(154, '27', 'Reyes', 'Angela ', 'Gabon ', '97', 'Amoxicillin Capsules 500mg ', 'Boxes ', 1, '2023-10-29'),
(155, '28', 'Hernandez', 'Angeline ', 'Herrera ', '97', 'Amoxicillin Capsules 500mg ', 'Boxes ', 1, '2023-10-29'),
(156, '29', 'Tan', 'Angelito ', 'Javellana ', '97', 'Amoxicillin Capsules 500mg ', 'Boxes ', 1, '2023-10-29'),
(157, '30', 'Reyes', 'Anna ', 'Jimenez ', '97', 'Amoxicillin Capsules 500mg ', 'Boxes ', 1, '2023-10-29'),
(158, '31', 'Ramos', 'Antonio ', 'Lao ', '97', 'Amoxicillin Capsules 500mg ', 'Boxes ', 1, '2023-10-29'),
(159, '32', 'Reyes', 'Antonio ', 'Lorenzo ', '97', 'Amoxicillin Capsules 500mg ', 'Boxes ', 1, '2023-10-29'),
(160, '33', 'Santos', 'Antonio ', 'Macapagal ', '97', 'Amoxicillin Capsules 500mg ', 'Boxes ', 1, '2023-10-29'),
(161, '34', 'Cruz', 'Araceli ', 'Marcelo ', '97', 'Amoxicillin Capsules 500mg ', 'Boxes ', 1, '2023-10-29'),
(162, '35', 'Sison', 'Araceli ', 'Montalban ', '97', 'Amoxicillin Capsules 500mg ', 'Boxes ', 1, '2023-10-29'),
(163, '36', 'Abad', 'Arlene ', 'Navarro ', '97', 'Amoxicillin Capsules 500mg ', 'Boxes ', 1, '2023-10-29'),
(164, '37', 'Perez', 'Armando ', 'Ocampo ', '97', 'Amoxicillin Capsules 500mg ', 'Boxes ', 1, '2023-10-29'),
(165, '38', 'Santos', 'Armando ', 'Padilla ', '97', 'Amoxicillin Capsules 500mg ', 'Boxes ', 1, '2023-10-29'),
(166, '39', 'Rodriguez', 'Arnold ', 'Perez ', '97', 'Amoxicillin Capsules 500mg ', 'Boxes ', 1, '2023-10-29'),
(167, '40', 'Ramos', 'Arnulfo ', 'Quizon ', '97', 'Amoxicillin Capsules 500mg ', 'Boxes ', 1, '2023-10-29'),
(168, '41', 'Cruz', 'Asuncion ', 'Ramirez ', '80', 'Multivitamins Syrup 60ml ', 'Bottles ', 1, '2023-10-29'),
(169, '42', 'Cruz', 'Aurora ', 'Roxas ', '80', 'Multivitamins Syrup 60ml ', 'Bottles ', 1, '2023-10-29'),
(170, '43', 'Rivera', 'Aurora ', 'Sarmiento ', '80', 'Multivitamins Syrup 60ml ', 'Bottles ', 1, '2023-10-29'),
(171, '44', 'Torres', 'Aurora ', 'Serrano ', '80', 'Multivitamins Syrup 60ml ', 'Bottles ', 1, '2023-10-29'),
(172, '45', 'Sison', 'Beatriz ', 'Solis ', '80', 'Multivitamins Syrup 60ml ', 'Bottles ', 1, '2023-10-29'),
(173, '46', 'Torres', 'Belen ', 'Tadeo ', '80', 'Multivitamins Syrup 60ml ', 'Bottles ', 1, '2023-10-29'),
(174, '47', 'Hernandez', 'Belinda ', 'Tan ', '80', 'Multivitamins Syrup 60ml ', 'Bottles ', 1, '2023-10-29'),
(175, '48', 'Reyes', 'Benito ', 'Uriarte ', '80', 'Multivitamins Syrup 60ml ', 'Bottles ', 1, '2023-10-29'),
(176, '49', 'Santos', 'Benito ', 'Villanueva ', '80', 'Multivitamins Syrup 60ml ', 'Bottles ', 1, '2023-10-29'),
(177, '50', 'Lim', 'Benjamin ', 'Yabut ', '80', 'Multivitamins Syrup 60ml ', 'Bottles ', 1, '2023-10-29'),
(178, '51', 'Santos', 'Bernadette ', 'Zabala ', '80', 'Multivitamins Syrup 60ml ', 'Bottles ', 1, '2023-10-29'),
(179, '52', 'Cruz', 'Bernardo ', 'Reyes ', '80', 'Multivitamins Syrup 60ml ', 'Bottles ', 1, '2023-10-29'),
(180, '53', 'Dela Rosa', 'Bernardo ', 'Dela Cruz ', '80', 'Multivitamins Syrup 60ml ', 'Bottles ', 1, '2023-10-29'),
(181, '54', 'Villanueva', 'Bernardo ', 'Santos ', '80', 'Multivitamins Syrup 60ml ', 'Bottles ', 1, '2023-10-29'),
(182, '55', 'Ramos', 'Bonifacio ', 'Cruz ', '15', 'Robitussin Cough ', 'Bottles ', 1, '2023-10-29'),
(183, '56', 'Tan', 'Bonifacio ', 'Gonzales ', '15', 'Robitussin Cough ', 'Bottles ', 1, '2023-10-29'),
(184, '57', 'Fernandez', 'Carlos ', 'Bautista ', '15', 'Robitussin Cough ', 'Bottles ', 1, '2023-10-29'),
(185, '58', 'Garcia', 'Carlos ', 'Lim ', '15', 'Robitussin Cough ', 'Bottles ', 1, '2023-10-29'),
(186, '59', 'Reyes', 'Carmen ', 'Fernandez ', '15', 'Robitussin Cough ', 'Bottles ', 1, '2023-10-29'),
(187, '60', 'Santos', 'Carmen ', 'Aquino ', '15', 'Robitussin Cough ', 'Bottles ', 1, '2023-10-29'),
(188, '61', 'Solis', 'Carmen ', 'Magno ', '81', 'Paracetamol Tablets 500mg ', 'Boxes ', 1, '2023-10-29'),
(189, '62', 'dela Cruz', 'Carolina ', 'Sison ', '81', 'Paracetamol Tablets 500mg ', 'Boxes ', 1, '2023-10-29'),
(190, '63', 'Hernandez', 'Cecilia ', 'De Guzman ', '81', 'Paracetamol Tablets 500mg ', 'Boxes ', 1, '2023-10-29'),
(191, '64', 'Perez', 'Cecilia ', 'Abad ', '81', 'Paracetamol Tablets 500mg ', 'Boxes ', 1, '2023-10-29'),
(192, '65', 'Gonzales', 'Celeste ', 'Alonzo ', '81', 'Paracetamol Tablets 500mg ', 'Boxes ', 1, '2023-10-29'),
(193, '66', 'Ramos', 'Celestino ', 'Alvaro ', '81', 'Paracetamol Tablets 500mg ', 'Boxes ', 1, '2023-10-29'),
(194, '67', 'Villanueva', 'Cesar ', 'Balagtas ', '81', 'Paracetamol Tablets 500mg ', 'Boxes ', 1, '2023-10-29'),
(195, '68', 'Tan', 'Clarissa ', 'Baltazar ', '81', 'Paracetamol Tablets 500mg ', 'Boxes ', 1, '2023-10-29'),
(196, '69', 'Santos', 'Clarita ', 'Banaag ', '81', 'Paracetamol Tablets 500mg ', 'Boxes ', 1, '2023-10-29'),
(197, '70', 'Lim', 'Claro ', 'Caballero ', '81', 'Paracetamol Tablets 500mg ', 'Boxes ', 1, '2023-10-29'),
(198, '71', 'Hernandez', 'Conchita ', 'Canlas ', '81', 'Paracetamol Tablets 500mg ', 'Boxes ', 1, '2023-10-29'),
(199, '72', 'Cruz', 'Consuelo ', 'Casumpang ', '81', 'Paracetamol Tablets 500mg ', 'Boxes ', 1, '2023-10-29'),
(200, '73', 'Cruz', 'Consuelo ', 'Dayrit ', '81', 'Paracetamol Tablets 500mg ', 'Boxes ', 1, '2023-10-29'),
(201, '74', 'Torres', 'Corazon ', 'Dimaculangan ', '81', 'Paracetamol Tablets 500mg ', 'Boxes ', 1, '2023-10-29'),
(202, '75', 'Reyes', 'Cristina ', 'Enriquez ', '81', 'Paracetamol Tablets 500mg ', 'Boxes ', 1, '2023-10-29'),
(203, '76', 'Tan', 'Cynthia ', 'Fabian ', '81', 'Paracetamol Tablets 500mg ', 'Boxes ', 1, '2023-10-29'),
(204, '77', 'Santos', 'Daisy ', 'Gabon ', '81', 'Paracetamol Tablets 500mg ', 'Boxes ', 1, '2023-10-29'),
(205, '78', 'Rodriguez', 'Diana ', 'Herrera ', '81', 'Paracetamol Tablets 500mg ', 'Boxes ', 1, '2023-10-29'),
(206, '79', 'Santos', 'Dionisio ', 'Javellana ', '81', 'Paracetamol Tablets 500mg ', 'Boxes ', 1, '2023-10-29'),
(207, '80', 'Aquino', 'Divina ', 'Jimenez ', '81', 'Paracetamol Tablets 500mg ', 'Boxes ', 1, '2023-10-29'),
(208, '81', 'Cruz', 'Divina ', 'Lao ', '81', 'Paracetamol Tablets 500mg ', 'Boxes ', 1, '2023-10-29'),
(209, '82', 'Tan', 'Dolores ', 'Lorenzo ', '81', 'Paracetamol Tablets 500mg ', 'Boxes ', 1, '2023-10-29'),
(210, '83', 'Perez', 'Edgardo ', 'Macapagal ', '81', 'Paracetamol Tablets 500mg ', 'Boxes ', 1, '2023-10-29'),
(211, '84', 'Reyes', 'Edgardo ', 'Marcelo ', '81', 'Paracetamol Tablets 500mg ', 'Boxes ', 1, '2023-10-29'),
(212, '85', 'Abad', 'Edna ', 'Montalban ', '81', 'Paracetamol Tablets 500mg ', 'Boxes ', 1, '2023-10-29'),
(213, '86', 'Mendoza', 'Edna ', 'Navarro ', '81', 'Paracetamol Tablets 500mg ', 'Boxes ', 1, '2023-10-29'),
(214, '87', 'Reyes', 'Edna ', 'Ocampo ', '81', 'Paracetamol Tablets 500mg ', 'Boxes ', 1, '2023-10-29'),
(215, '88', 'Aquino', 'Eduardo ', 'Padilla ', '81', 'Paracetamol Tablets 500mg ', 'Boxes ', 1, '2023-10-29'),
(216, '89', 'Castillo', 'Eduardo ', 'Perez ', '81', 'Paracetamol Tablets 500mg ', 'Boxes ', 1, '2023-10-29'),
(217, '90', 'Cruz', 'Eduardo ', 'Quizon ', '81', 'Paracetamol Tablets 500mg ', 'Boxes ', 1, '2023-10-29'),
(218, '91', 'Reyes', 'Eduardo ', 'Ramirez ', '81', 'Paracetamol Tablets 500mg ', 'Boxes ', 1, '2023-10-29'),
(219, '92', 'Reyes', 'Eduardo ', 'Roxas ', '81', 'Paracetamol Tablets 500mg ', 'Boxes ', 1, '2023-10-29'),
(220, '93', 'Sy', 'Edwin ', 'Sarmiento ', '81', 'Paracetamol Tablets 500mg ', 'Boxes ', 1, '2023-10-29'),
(221, '94', 'Aquino', 'Efren ', 'Serrano ', '81', 'Paracetamol Tablets 500mg ', 'Boxes ', 1, '2023-10-29'),
(222, '95', 'Magno', 'Elaine ', 'Solis ', '81', 'Paracetamol Tablets 500mg ', 'Boxes ', 1, '2023-10-29'),
(223, '96', 'Tan', 'Eleanor ', 'Tadeo ', '81', 'Paracetamol Tablets 500mg ', 'Boxes ', 1, '2023-10-29'),
(224, '97', 'Torres', 'Elena ', 'Tan ', '81', 'Paracetamol Tablets 500mg ', 'Boxes ', 1, '2023-10-29'),
(225, '98', 'Ramos', 'Eleuterio ', 'Uriarte ', '81', 'Paracetamol Tablets 500mg ', 'Boxes ', 1, '2023-10-29'),
(226, '99', 'Santos', 'Elmer ', 'Villanueva ', '12', 'Mefenamic Acid Capsules 250mg ', 'Boxes ', 1, '2023-10-29'),
(227, '100', 'Aquino', 'Emil ', 'Yabut ', '12', 'Mefenamic Acid Capsules 250mg ', 'Boxes ', 1, '2023-10-29'),
(228, '101', 'Cruz', 'Emiliano ', 'Zabala ', '12', 'Mefenamic Acid Capsules 250mg ', 'Boxes ', 1, '2023-10-29'),
(229, '102', 'Yu', 'Emiliano ', 'Reyes ', '12', 'Mefenamic Acid Capsules 250mg ', 'Boxes ', 1, '2023-10-29'),
(230, '103', 'Aquino', 'Emilio ', 'Dela Cruz ', '12', 'Mefenamic Acid Capsules 250mg ', 'Boxes ', 1, '2023-10-29'),
(231, '104', 'Perez', 'Emmanuel ', 'Santos ', '12', 'Mefenamic Acid Capsules 250mg ', 'Boxes ', 1, '2023-10-29'),
(232, '105', 'Villanueva', 'Enrique ', 'Cruz ', '12', 'Mefenamic Acid Capsules 250mg ', 'Boxes ', 1, '2023-10-29'),
(233, '106', 'Rodriguez', 'Erlinda ', 'Gonzales ', '12', 'Mefenamic Acid Capsules 250mg ', 'Boxes ', 1, '2023-10-29'),
(234, '107', 'dela Cruz', 'Ernest ', 'Bautista ', '12', 'Mefenamic Acid Capsules 250mg ', 'Boxes ', 1, '2023-10-29'),
(235, '108', 'Aquino', 'Ernesto ', 'Lim ', '65', 'Condoms ', 'Boxes ', 1, '2023-10-29'),
(236, '109', 'Rodriguez', 'Esperanza ', 'Fernandez ', '3', 'Intrauterine Device (IUD) ', 'Pcs ', 1, '2023-10-29'),
(237, '110', 'Tan', 'Esperanza ', 'Aquino ', '3', 'Intrauterine Device (IUD) ', 'Pcs ', 1, '2023-10-29'),
(238, '111', 'Tan', 'Esperanza ', 'Magno ', '3', 'Intrauterine Device (IUD) ', 'Pcs ', 1, '2023-10-29'),
(239, '112', 'Ramos', 'Esteban ', 'Sison ', '65', 'Condoms ', 'Boxes ', 1, '2023-10-29'),
(240, '113', 'Chua', 'Estela ', 'De Guzman ', '3', 'Intrauterine Device (IUD) ', 'Pcs ', 1, '2023-10-29'),
(241, '114', 'Hernandez', 'Estela ', 'Abad ', '3', 'Intrauterine Device (IUD) ', 'Pcs ', 1, '2023-10-29'),
(242, '115', 'Abad', 'Ester ', 'Alonzo ', '5', 'Condoms ', 'Boxes ', 1, '2023-10-29'),
(243, '116', 'Gonzales', 'Eugenio ', 'Alvaro ', '65', 'Condoms ', 'Boxes ', 1, '2023-10-29'),
(244, '117', 'Perez', 'Evelyn ', 'Balagtas ', '66', 'Birth Control Pills ', 'Boxes ', 1, '2023-10-29'),
(245, '118', 'Abad', 'Fatima ', 'Baltazar ', '66', 'Birth Control Pills ', 'Boxes ', 1, '2023-10-29'),
(246, '119', 'Aquino', 'Federico ', 'Banaag ', '80', 'Multivitamins Syrup 60ml ', 'Bottles ', 1, '2023-10-29'),
(247, '120', 'Cruz', 'Federico ', 'Caballero ', '80', 'Multivitamins Syrup 60ml ', 'Bottles ', 1, '2023-10-29'),
(248, '121', 'Lim', 'Feliciano ', 'Canlas ', '80', 'Multivitamins Syrup 60ml ', 'Bottles ', 1, '2023-10-29'),
(249, '122', 'Rodriguez', 'Ferdinand ', 'Casumpang ', '80', 'Multivitamins Syrup 60ml ', 'Bottles ', 1, '2023-10-29'),
(250, '123', 'Santos', 'Ferdinand ', 'Dayrit ', '80', 'Multivitamins Syrup 60ml ', 'Bottles ', 1, '2023-10-29'),
(251, '124', 'Perez', 'Fernando ', 'Dimaculangan ', '80', 'Multivitamins Syrup 60ml ', 'Bottles ', 1, '2023-10-29'),
(252, '125', 'Ramos', 'Fernando ', 'Enriquez ', '80', 'Multivitamins Syrup 60ml ', 'Bottles ', 1, '2023-10-29'),
(253, '126', 'Cruz', 'Francisco ', 'Fabian ', '80', 'Multivitamins Syrup 60ml ', 'Bottles ', 1, '2023-10-29'),
(254, '127', 'Cruz', 'Francisco ', 'Gabon ', '80', 'Multivitamins Syrup 60ml ', 'Bottles ', 1, '2023-10-29'),
(255, '128', 'dela Cruz', 'Gabriel ', 'Herrera ', '80', 'Multivitamins Syrup 60ml ', 'Bottles ', 1, '2023-10-29'),
(256, '129', 'dela Cruz', 'Gerardo ', 'Javellana ', '80', 'Multivitamins Syrup 60ml ', 'Bottles ', 1, '2023-10-29'),
(257, '130', 'Villanueva', 'Gilbert ', 'Jimenez ', '80', 'Multivitamins Syrup 60ml ', 'Bottles ', 1, '2023-10-29'),
(258, '131', 'Cruz', 'Gilberto ', 'Lao ', '80', 'Multivitamins Syrup 60ml ', 'Bottles ', 1, '2023-10-29'),
(259, '132', 'Hernandez', 'Gilda ', 'Lorenzo ', '66', 'Birth Control Pills ', 'Boxes ', 1, '2023-10-29'),
(260, '133', 'Cruz', 'Gina ', 'Macapagal ', '66', 'Birth Control Pills ', 'Boxes ', 1, '2023-10-29'),
(261, '134', 'Flores', 'Giselle ', 'Marcelo ', '66', 'Birth Control Pills ', 'Boxes ', 1, '2023-10-29'),
(262, '135', 'Rodriguez', 'Giselle ', 'Montalban ', '66', 'Birth Control Pills ', 'Boxes ', 1, '2023-10-29'),
(263, '136', 'Solis', 'Glenda ', 'Navarro ', '66', 'Birth Control Pills ', 'Boxes ', 1, '2023-10-29'),
(264, '137', 'Sy', 'Grace ', 'Ocampo ', '66', 'Birth Control Pills ', 'Boxes ', 1, '2023-10-29'),
(265, '138', 'Cruz', 'Gregorio ', 'Padilla ', '80', 'Multivitamins Syrup 60ml ', 'Bottles ', 1, '2023-10-29'),
(266, '139', 'Ramos', 'Gregorio ', 'Perez ', '80', 'Multivitamins Syrup 60ml ', 'Bottles ', 1, '2023-10-29'),
(267, '140', 'Reyes', 'Gregorio ', 'Quizon ', '80', 'Multivitamins Syrup 60ml ', 'Bottles ', 1, '2023-10-29'),
(268, '141', 'Torres', 'Guadalupe ', 'Ramirez ', '80', 'Multivitamins Syrup 60ml ', 'Bottles ', 1, '2023-10-29'),
(269, '142', 'Sison', 'Guia ', 'Roxas ', '80', 'Multivitamins Syrup 60ml ', 'Bottles ', 1, '2023-10-29'),
(270, '143', 'dela Cruz', 'Guillermo ', 'Sarmiento ', '80', 'Multivitamins Syrup 60ml ', 'Bottles ', 1, '2023-10-29'),
(271, '144', 'Perez', 'Guillermo ', 'Serrano ', '80', 'Multivitamins Syrup 60ml ', 'Bottles ', 1, '2023-10-29'),
(272, '145', 'Yu', 'Guillermo ', 'Solis ', '80', 'Multivitamins Syrup 60ml ', 'Bottles ', 1, '2023-10-29'),
(273, '146', 'Rodriguez', 'Hector ', 'Tadeo ', '80', 'Multivitamins Syrup 60ml ', 'Bottles ', 1, '2023-10-29'),
(274, '147', 'Garcia', 'Hermogenes ', 'Tan ', '80', 'Multivitamins Syrup 60ml ', 'Bottles ', 1, '2023-10-29'),
(275, '148', 'Gonzales', 'Imee ', 'Uriarte ', '66', 'Birth Control Pills ', 'Boxes ', 1, '2023-10-29'),
(276, '149', 'Rodriguez', 'Imelda ', 'Villanueva ', '66', 'Birth Control Pills ', 'Boxes ', 1, '2023-10-29'),
(277, '150', 'Sison', 'Imelda ', 'Yabut ', '66', 'Birth Control Pills ', 'Boxes ', 1, '2023-10-29'),
(278, '151', 'Torres', 'Imelda ', 'Zabala ', '66', 'Birth Control Pills ', 'Boxes ', 1, '2023-10-29'),
(279, '152', 'Reyes', 'Isabel ', 'Reyes ', '66', 'Birth Control Pills ', 'Boxes ', 1, '2023-10-29'),
(280, '153', 'Cruz', 'Isabelita ', 'Dela Cruz ', '66', 'Birth Control Pills ', 'Boxes ', 1, '2023-10-29'),
(281, '154', 'Gonzales', 'Isabella ', 'Santos ', '66', 'Birth Control Pills ', 'Boxes ', 1, '2023-10-29'),
(282, '155', 'Reyes', 'Isagani ', 'Cruz ', '83', 'Ascorbic Acid (Vitamin C) Tablets 1000mg ', 'Boxes ', 1, '2023-10-29'),
(283, '156', 'Ramos', 'Isidro ', 'Gonzales ', '83', 'Ascorbic Acid (Vitamin C) Tablets 1000mg ', 'Boxes ', 1, '2023-10-29'),
(284, '157', 'Villanueva', 'Isidro ', 'Bautista ', '83', 'Ascorbic Acid (Vitamin C) Tablets 1000mg ', 'Boxes ', 1, '2023-10-29'),
(285, '158', 'Cruz', 'Jaime ', 'Lim ', '83', 'Ascorbic Acid (Vitamin C) Tablets 1000mg ', 'Boxes ', 1, '2023-10-29'),
(286, '159', 'Lim', 'Jaime ', 'Fernandez ', '83', 'Ascorbic Acid (Vitamin C) Tablets 1000mg ', 'Boxes ', 1, '2023-10-29'),
(287, '160', 'Reyes', 'Jaime ', 'Aquino ', '83', 'Ascorbic Acid (Vitamin C) Tablets 1000mg ', 'Boxes ', 1, '2023-10-29'),
(288, '161', 'Garcia', 'Jesus ', 'Magno ', '83', 'Ascorbic Acid (Vitamin C) Tablets 1000mg ', 'Boxes ', 1, '2023-10-29'),
(289, '162', 'Lim', 'Jocelyn ', 'Sison ', '83', 'Ascorbic Acid (Vitamin C) Tablets 1000mg ', 'Boxes ', 1, '2023-10-29'),
(290, '163', 'Ocampo', 'Jocelyn ', 'De Guzman ', '83', 'Ascorbic Acid (Vitamin C) Tablets 1000mg ', 'Boxes ', 1, '2023-10-29'),
(291, '164', 'Aquino', 'Jose ', 'Abad ', '83', 'Ascorbic Acid (Vitamin C) Tablets 1000mg ', 'Boxes ', 1, '2023-10-29'),
(292, '165', 'Cruz', 'Jose ', 'Alonzo ', '83', 'Ascorbic Acid (Vitamin C) Tablets 1000mg ', 'Boxes ', 1, '2023-10-29'),
(293, '166', 'De Guzman', 'Jose ', 'Alvaro ', '83', 'Ascorbic Acid (Vitamin C) Tablets 1000mg ', 'Boxes ', 1, '2023-10-29'),
(294, '167', 'Lim', 'Jose ', 'Balagtas ', '83', 'Ascorbic Acid (Vitamin C) Tablets 1000mg ', 'Boxes ', 1, '2023-10-29'),
(295, '168', 'Reyes', 'Jose ', 'Baltazar ', '83', 'Ascorbic Acid (Vitamin C) Tablets 1000mg ', 'Boxes ', 1, '2023-10-29'),
(296, '169', 'Santos', 'Josefa ', 'Banaag ', '83', 'Ascorbic Acid (Vitamin C) Tablets 1000mg ', 'Boxes ', 1, '2023-10-29'),
(297, '170', 'Abad', 'Josefina ', 'Caballero ', '71', 'Birth Control Shot (Depo-Provera) ', 'Bottles ', 1, '2023-10-29'),
(298, '171', 'Cruz', 'Josefina ', 'Canlas ', '71', 'Birth Control Shot (Depo-Provera) ', 'Bottles ', 1, '2023-10-29'),
(299, '172', 'Reyes', 'Josefina ', 'Casumpang ', '71', 'Birth Control Shot (Depo-Provera) ', 'Bottles ', 1, '2023-10-29'),
(300, '173', 'Rodriguez', 'Josefina ', 'Dayrit ', '71', 'Birth Control Shot (Depo-Provera) ', 'Bottles ', 1, '2023-10-29'),
(301, '174', 'Torres', 'Josefina ', 'Dimaculangan ', '71', 'Birth Control Shot (Depo-Provera) ', 'Bottles ', 1, '2023-10-29'),
(302, '175', 'Hernandez', 'Josephine ', 'Enriquez ', '71', 'Birth Control Shot (Depo-Provera) ', 'Bottles ', 1, '2023-10-29'),
(303, '176', 'Sison', 'Jovita ', 'Fabian ', '71', 'Birth Control Shot (Depo-Provera) ', 'Bottles ', 1, '2023-10-29'),
(304, '177', 'Ang', 'Joyce ', 'Gabon ', '71', 'Birth Control Shot (Depo-Provera) ', 'Bottles ', 1, '2023-10-29'),
(305, '178', 'dela Cruz', 'Juan ', 'Herrera ', '81', 'Paracetamol Tablets 500mg ', 'Boxes ', 1, '2023-10-29'),
(306, '179', 'Santos', 'Juan ', 'Javellana ', '81', 'Paracetamol Tablets 500mg ', 'Boxes ', 1, '2023-10-29'),
(307, '180', 'Santos', 'Juan ', 'Jimenez ', '81', 'Paracetamol Tablets 500mg ', 'Boxes ', 1, '2023-10-29'),
(308, '181', 'dela Cruz', 'Juanita ', 'Lao ', '81', 'Paracetamol Tablets 500mg ', 'Boxes ', 1, '2023-10-29'),
(309, '182', 'De Vera', 'Juanito ', 'Lorenzo ', '81', 'Paracetamol Tablets 500mg ', 'Boxes ', 1, '2023-10-29'),
(310, '183', 'dela Cruz', 'Juanito ', 'Macapagal ', '81', 'Paracetamol Tablets 500mg ', 'Boxes ', 1, '2023-10-29'),
(311, '184', 'Lim', 'Judith ', 'Marcelo ', '81', 'Paracetamol Tablets 500mg ', 'Boxes ', 1, '2023-10-29'),
(312, '185', 'Rodriguez', 'Juliana ', 'Montalban ', '81', 'Paracetamol Tablets 500mg ', 'Boxes ', 1, '2023-10-29'),
(313, '186', 'Castro', 'Julius ', 'Navarro ', '81', 'Paracetamol Tablets 500mg ', 'Boxes ', 1, '2023-10-29'),
(314, '187', 'Lim', 'Lea ', 'Ocampo ', '81', 'Paracetamol Tablets 500mg ', 'Boxes ', 1, '2023-10-29'),
(315, '188', 'Garcia', 'Leandro ', 'Padilla ', '81', 'Paracetamol Tablets 500mg ', 'Boxes ', 1, '2023-10-29'),
(316, '189', 'Santos', 'Leo ', 'Perez ', '81', 'Paracetamol Tablets 500mg ', 'Boxes ', 1, '2023-10-29'),
(317, '190', 'Ramos', 'Leon ', 'Quizon ', '81', 'Paracetamol Tablets 500mg ', 'Boxes ', 1, '2023-10-29'),
(318, '191', 'Garcia', 'Leonardo ', 'Ramirez ', '81', 'Paracetamol Tablets 500mg ', 'Boxes ', 1, '2023-10-29'),
(319, '192', 'Reyes', 'Leonardo ', 'Roxas ', '81', 'Paracetamol Tablets 500mg ', 'Boxes ', 1, '2023-10-29'),
(320, '193', 'Cruz', 'Leonora ', 'Sarmiento ', '81', 'Paracetamol Tablets 500mg ', 'Boxes ', 1, '2023-10-29'),
(321, '194', 'Ramos', 'Leonora ', 'Serrano ', '81', 'Paracetamol Tablets 500mg ', 'Boxes ', 1, '2023-10-29'),
(322, '195', 'Tan', 'Leonora ', 'Solis ', '81', 'Paracetamol Tablets 500mg ', 'Boxes ', 1, '2023-10-29'),
(323, '196', 'Aquino', 'Leopoldo ', 'Tadeo ', '81', 'Paracetamol Tablets 500mg ', 'Boxes ', 1, '2023-10-29'),
(324, '197', 'Tan', 'Lilian ', 'Tan ', '81', 'Paracetamol Tablets 500mg ', 'Boxes ', 1, '2023-10-29'),
(325, '198', 'Mendoza', 'Lorna ', 'Uriarte ', '81', 'Paracetamol Tablets 500mg ', 'Boxes ', 1, '2023-10-29'),
(326, '199', 'Cruz', 'Lourdes ', 'Villanueva ', '81', 'Paracetamol Tablets 500mg ', 'Boxes ', 1, '2023-10-29'),
(327, '200', 'Gonzales', 'Lourdes ', 'Yabut ', '81', 'Paracetamol Tablets 500mg ', 'Boxes ', 1, '2023-10-29'),
(328, '201', 'Sison', 'Lourdes ', 'Zabala ', '81', 'Paracetamol Tablets 500mg ', 'Boxes ', 1, '2023-10-29'),
(329, '202', 'Perez', 'Luis ', 'Reyes ', '81', 'Paracetamol Tablets 500mg ', 'Boxes ', 1, '2023-10-29'),
(330, '203', 'Cruz', 'Luisito ', 'Dela Cruz ', '81', 'Paracetamol Tablets 500mg ', 'Boxes ', 1, '2023-10-29'),
(331, '204', 'Abad', 'Luningning ', 'Santos ', '81', 'Paracetamol Tablets 500mg ', 'Boxes ', 1, '2023-10-29'),
(332, '205', 'Chua', 'Luningning ', 'Cruz ', '81', 'Paracetamol Tablets 500mg ', 'Boxes ', 1, '2023-10-29'),
(333, '206', 'Reyes', 'Luningning ', 'Gonzales ', '81', 'Paracetamol Tablets 500mg ', 'Boxes ', 1, '2023-10-29'),
(334, '207', 'Sison', 'Luningning ', 'Bautista ', '81', 'Paracetamol Tablets 500mg ', 'Boxes ', 1, '2023-10-29'),
(335, '208', 'Tan', 'Luningning ', 'Lim ', '81', 'Paracetamol Tablets 500mg ', 'Boxes ', 1, '2023-10-29'),
(336, '209', 'Gonzales', 'Luz ', 'Fernandez ', '81', 'Paracetamol Tablets 500mg ', 'Boxes ', 1, '2023-10-29'),
(337, '210', 'Sison', 'Luzviminda ', 'Aquino ', '81', 'Paracetamol Tablets 500mg ', 'Boxes ', 1, '2023-10-29'),
(338, '211', 'Del Rosario', 'Manuel ', 'Magno ', '81', 'Paracetamol Tablets 500mg ', 'Boxes ', 1, '2023-10-29'),
(339, '212', 'Garcia', 'Manuel ', 'Sison ', '81', 'Paracetamol Tablets 500mg ', 'Boxes ', 1, '2023-10-29'),
(340, '213', 'Perez', 'Manuel ', 'De Guzman ', '81', 'Paracetamol Tablets 500mg ', 'Boxes ', 1, '2023-10-29'),
(341, '214', 'Cruz', 'Manuelito ', 'Abad ', '81', 'Paracetamol Tablets 500mg ', 'Boxes ', 1, '2023-10-29'),
(342, '215', 'Santos', 'Marcela ', 'Alonzo ', '81', 'Paracetamol Tablets 500mg ', 'Boxes ', 1, '2023-10-29'),
(343, '216', 'Aquino', 'Marcelino ', 'Alvaro ', '81', 'Paracetamol Tablets 500mg ', 'Boxes ', 1, '2023-10-29'),
(344, '217', 'Lim', 'Marcelo ', 'Balagtas ', '81', 'Paracetamol Tablets 500mg ', 'Boxes ', 1, '2023-10-29'),
(345, '218', 'Abad', 'Margarita ', 'Baltazar ', '81', 'Paracetamol Tablets 500mg ', 'Boxes ', 1, '2023-10-29'),
(346, '219', 'Dela Cruz', 'Maria ', 'Banaag ', '81', 'Paracetamol Tablets 500mg ', 'Boxes ', 1, '2023-10-29'),
(347, '220', 'Santos', 'Maria ', 'Caballero ', '81', 'Paracetamol Tablets 500mg ', 'Boxes ', 1, '2023-10-29'),
(348, '221', 'Torres', 'Maria ', 'Canlas ', '81', 'Paracetamol Tablets 500mg ', 'Boxes ', 1, '2023-10-29'),
(349, '222', 'Santiago', 'Mariano ', 'Casumpang ', '81', 'Paracetamol Tablets 500mg ', 'Boxes ', 1, '2023-10-29'),
(350, '223', 'Santos', 'Mariano ', 'Dayrit ', '81', 'Paracetamol Tablets 500mg ', 'Boxes ', 1, '2023-10-29'),
(351, '224', 'Cruz', 'Maricel ', 'Dimaculangan ', '81', 'Paracetamol Tablets 500mg ', 'Boxes ', 1, '2023-10-29'),
(352, '225', 'Ong', 'Maricris ', 'Enriquez ', '81', 'Paracetamol Tablets 500mg ', 'Boxes ', 1, '2023-10-29'),
(353, '226', 'Cruz', 'Marilyn ', 'Fabian ', '81', 'Paracetamol Tablets 500mg ', 'Boxes ', 1, '2023-10-29'),
(354, '227', 'Reyes', 'Marilyn ', 'Gabon ', '81', 'Paracetamol Tablets 500mg ', 'Boxes ', 1, '2023-10-29'),
(355, '228', 'Abad', 'Marina ', 'Herrera ', '81', 'Paracetamol Tablets 500mg ', 'Boxes ', 1, '2023-10-29'),
(356, '229', 'Tan', 'Marina ', 'Javellana ', '81', 'Paracetamol Tablets 500mg ', 'Boxes ', 1, '2023-10-29'),
(357, '230', 'Reyes', 'Mario ', 'Jimenez ', '81', 'Paracetamol Tablets 500mg ', 'Boxes ', 1, '2023-10-29'),
(358, '231', 'Gonzales', 'Marita ', 'Lao ', '81', 'Paracetamol Tablets 500mg ', 'Boxes ', 1, '2023-10-29'),
(359, '232', 'Abad', 'Marites ', 'Lorenzo ', '81', 'Paracetamol Tablets 500mg ', 'Boxes ', 1, '2023-10-29'),
(360, '233', 'Castro', 'Marites ', 'Macapagal ', '81', 'Paracetamol Tablets 500mg ', 'Boxes ', 1, '2023-10-29'),
(361, '234', 'Tan', 'Marites ', 'Marcelo ', '81', 'Paracetamol Tablets 500mg ', 'Boxes ', 1, '2023-10-29'),
(362, '235', 'Guevarra', 'Marlon ', 'Montalban ', '81', 'Paracetamol Tablets 500mg ', 'Boxes ', 1, '2023-10-29'),
(363, '236', 'Rodriguez', 'Matilde ', 'Navarro ', '81', 'Paracetamol Tablets 500mg ', 'Boxes ', 1, '2023-10-29'),
(364, '237', 'Torres', 'Matilde ', 'Ocampo ', '81', 'Paracetamol Tablets 500mg ', 'Boxes ', 1, '2023-10-29'),
(365, '238', 'Cruz', 'Maximo ', 'Padilla ', '81', 'Paracetamol Tablets 500mg ', 'Boxes ', 1, '2023-10-29'),
(366, '239', 'Reyes', 'Mayumi ', 'Perez ', '81', 'Paracetamol Tablets 500mg ', 'Boxes ', 1, '2023-10-29'),
(367, '240', 'Chua', 'Melanie ', 'Quizon ', '81', 'Paracetamol Tablets 500mg ', 'Boxes ', 1, '2023-10-29'),
(368, '241', 'Gonzales', 'Melinda ', 'Ramirez ', '81', 'Paracetamol Tablets 500mg ', 'Boxes ', 1, '2023-10-29'),
(369, '242', 'Reyes', 'Melinda ', 'Roxas ', '81', 'Paracetamol Tablets 500mg ', 'Boxes ', 1, '2023-10-29'),
(370, '243', 'Santos', 'Melinda ', 'Sarmiento ', '81', 'Paracetamol Tablets 500mg ', 'Boxes ', 1, '2023-10-29'),
(371, '244', 'Reyes', 'Mercedes ', 'Serrano ', '81', 'Paracetamol Tablets 500mg ', 'Boxes ', 1, '2023-10-29'),
(372, '245', 'Garcia', 'Miguel ', 'Solis ', '81', 'Paracetamol Tablets 500mg ', 'Boxes ', 1, '2023-10-29'),
(373, '246', 'Villanueva', 'Miguel ', 'Tadeo ', '81', 'Paracetamol Tablets 500mg ', 'Boxes ', 1, '2023-10-29'),
(374, '247', 'Hernandez', 'Milagros ', 'Tan ', '81', 'Paracetamol Tablets 500mg ', 'Boxes ', 1, '2023-10-29'),
(375, '248', 'Torres', 'Milagros ', 'Uriarte ', '81', 'Paracetamol Tablets 500mg ', 'Boxes ', 1, '2023-10-29'),
(376, '249', 'Lim', 'Myra ', 'Villanueva ', '81', 'Paracetamol Tablets 500mg ', 'Boxes ', 1, '2023-10-29'),
(377, '250', 'Abad', 'Myrna ', 'Yabut ', '81', 'Paracetamol Tablets 500mg ', 'Boxes ', 1, '2023-10-29'),
(378, '251', 'Cruz', 'Natividad ', 'Zabala ', '80', 'Multivitamins Syrup 60ml ', 'Bottles ', 1, '2023-10-29'),
(379, '252', 'Santos', 'Natividad ', 'Reyes ', '80', 'Multivitamins Syrup 60ml ', 'Bottles ', 1, '2023-10-29'),
(380, '253', 'Ramos', 'Nenita ', 'Dela Cruz ', '80', 'Multivitamins Syrup 60ml ', 'Bottles ', 1, '2023-10-29'),
(381, '254', 'Rodriguez', 'Nenita ', 'Santos ', '80', 'Multivitamins Syrup 60ml ', 'Bottles ', 1, '2023-10-29'),
(382, '255', 'Sison', 'Nenita ', 'Cruz ', '80', 'Multivitamins Syrup 60ml ', 'Bottles ', 1, '2023-10-29'),
(383, '256', 'Castro', 'Nestor ', 'Gonzales ', '80', 'Multivitamins Syrup 60ml ', 'Bottles ', 1, '2023-10-29'),
(384, '257', 'Perez', 'Nestor ', 'Bautista ', '80', 'Multivitamins Syrup 60ml ', 'Bottles ', 1, '2023-10-29'),
(385, '258', 'Rodriguez', 'Nestor ', 'Lim ', '80', 'Multivitamins Syrup 60ml ', 'Bottles ', 1, '2023-10-29'),
(386, '259', 'Garcia', 'Nicanor ', 'Fernandez ', '80', 'Multivitamins Syrup 60ml ', 'Bottles ', 1, '2023-10-29'),
(387, '260', 'Lim', 'Noel ', 'Aquino ', '80', 'Multivitamins Syrup 60ml ', 'Bottles ', 1, '2023-10-29'),
(388, '261', 'Reyes', 'Norma ', 'Magno ', '80', 'Multivitamins Syrup 60ml ', 'Bottles ', 1, '2023-10-29'),
(389, '262', 'Hernandez', 'Ofelia ', 'Sison ', '80', 'Multivitamins Syrup 60ml ', 'Bottles ', 1, '2023-10-29'),
(390, '263', 'Reyes', 'Orlando ', 'De Guzman ', '80', 'Multivitamins Syrup 60ml ', 'Bottles ', 1, '2023-10-29'),
(391, '264', 'Reyes', 'Orlando ', 'Abad ', '80', 'Multivitamins Syrup 60ml ', 'Bottles ', 1, '2023-10-29'),
(392, '265', 'Santos', 'Orlando ', 'Alonzo ', '80', 'Multivitamins Syrup 60ml ', 'Bottles ', 1, '2023-10-29'),
(393, '266', 'Tan', 'Orlando ', 'Alvaro ', '80', 'Multivitamins Syrup 60ml ', 'Bottles ', 1, '2023-10-29'),
(394, '267', 'dela Cruz', 'Pablo ', 'Balagtas ', '80', 'Multivitamins Syrup 60ml ', 'Bottles ', 1, '2023-10-29'),
(395, '268', 'Hernandez', 'Patricia ', 'Baltazar ', '80', 'Multivitamins Syrup 60ml ', 'Bottles ', 1, '2023-10-29'),
(396, '269', 'Aquino', 'Pedro ', 'Banaag ', '80', 'Multivitamins Syrup 60ml ', 'Bottles ', 1, '2023-10-29'),
(397, '270', 'Santos', 'Pedro ', 'Caballero ', '80', 'Multivitamins Syrup 60ml ', 'Bottles ', 1, '2023-10-29'),
(398, '271', 'Santos', 'Pedro ', 'Canlas ', '80', 'Multivitamins Syrup 60ml ', 'Bottles ', 1, '2023-10-29'),
(399, '272', 'Abad', 'Perlita ', 'Casumpang ', '80', 'Multivitamins Syrup 60ml ', 'Bottles ', 1, '2023-10-29'),
(400, '273', 'Lee', 'Perlita ', 'Dayrit ', '80', 'Multivitamins Syrup 60ml ', 'Bottles ', 1, '2023-10-29'),
(401, '274', 'Tan', 'Perlita ', 'Dimaculangan ', '80', 'Multivitamins Syrup 60ml ', 'Bottles ', 1, '2023-10-29'),
(402, '275', 'Torres', 'Pilar ', 'Enriquez ', '80', 'Multivitamins Syrup 60ml ', 'Bottles ', 1, '2023-10-29'),
(403, '276', 'Abad', 'Preciosa ', 'Fabian ', '80', 'Multivitamins Syrup 60ml ', 'Bottles ', 1, '2023-10-29'),
(404, '277', 'Sison', 'Precious ', 'Gabon ', '80', 'Multivitamins Syrup 60ml ', 'Bottles ', 1, '2023-10-29'),
(405, '278', 'Villanueva', 'Primitivo ', 'Herrera ', '80', 'Multivitamins Syrup 60ml ', 'Bottles ', 1, '2023-10-29'),
(406, '279', 'Garcia', 'Rafael ', 'Javellana ', '80', 'Multivitamins Syrup 60ml ', 'Bottles ', 1, '2023-10-29'),
(407, '280', 'Sandoval', 'Rafael ', 'Jimenez ', '80', 'Multivitamins Syrup 60ml ', 'Bottles ', 1, '2023-10-29'),
(408, '281', 'Villanueva', 'Rafael ', 'Lao ', '80', 'Multivitamins Syrup 60ml ', 'Bottles ', 1, '2023-10-29'),
(409, '282', 'Tan', 'Ramiro ', 'Lorenzo ', '80', 'Multivitamins Syrup 60ml ', 'Bottles ', 1, '2023-10-29'),
(410, '283', 'Gonzalez', 'Ramon ', 'Macapagal ', '80', 'Multivitamins Syrup 60ml ', 'Bottles ', 1, '2023-10-29'),
(411, '284', 'Reyes', 'Ramon ', 'Marcelo ', '80', 'Multivitamins Syrup 60ml ', 'Bottles ', 1, '2023-10-29'),
(412, '285', 'Santos', 'Raul ', 'Montalban ', '80', 'Multivitamins Syrup 60ml ', 'Bottles ', 1, '2023-10-29'),
(413, '286', 'Valdez', 'Raul ', 'Navarro ', '80', 'Multivitamins Syrup 60ml ', 'Bottles ', 1, '2023-10-29'),
(414, '287', 'Santos', 'Rebecca ', 'Ocampo ', '80', 'Multivitamins Syrup 60ml ', 'Bottles ', 1, '2023-10-29'),
(415, '288', 'Santos', 'Remedios ', 'Padilla ', '80', 'Multivitamins Syrup 60ml ', 'Bottles ', 1, '2023-10-29'),
(416, '289', 'Santos', 'Renato ', 'Perez ', '80', 'Multivitamins Syrup 60ml ', 'Bottles ', 1, '2023-10-29'),
(417, '290', 'Villanueva', 'Reynaldo ', 'Quizon ', '80', 'Multivitamins Syrup 60ml ', 'Bottles ', 1, '2023-10-29'),
(418, '291', 'Aquino', 'Ricardo ', 'Ramirez ', '80', 'Multivitamins Syrup 60ml ', 'Bottles ', 1, '2023-10-29'),
(419, '292', 'Cruz', 'Ricardo ', 'Roxas ', '80', 'Multivitamins Syrup 60ml ', 'Bottles ', 1, '2023-10-29'),
(420, '293', 'Villanueva', 'Ricardo ', 'Sarmiento ', '80', 'Multivitamins Syrup 60ml ', 'Bottles ', 1, '2023-10-29'),
(421, '294', 'Tan', 'Rizal ', 'Serrano ', '80', 'Multivitamins Syrup 60ml ', 'Bottles ', 1, '2023-10-29'),
(422, '295', 'Lim', 'Roberto ', 'Solis ', '80', 'Multivitamins Syrup 60ml ', 'Bottles ', 1, '2023-10-29'),
(423, '296', 'Rodriguez', 'Roberto ', 'Tadeo ', '80', 'Multivitamins Syrup 60ml ', 'Bottles ', 1, '2023-10-29'),
(424, '297', 'Santos', 'Roberto ', 'Tan ', '80', 'Multivitamins Syrup 60ml ', 'Bottles ', 1, '2023-10-29'),
(425, '298', 'Santos', 'Roderick ', 'Uriarte ', '80', 'Multivitamins Syrup 60ml ', 'Bottles ', 1, '2023-10-29'),
(426, '299', 'Lim', 'Rodolfo ', 'Villanueva ', '80', 'Multivitamins Syrup 60ml ', 'Bottles ', 1, '2023-10-29'),
(427, '300', 'Perez', 'Rodolfo ', 'Yabut ', '80', 'Multivitamins Syrup 60ml ', 'Bottles ', 1, '2023-10-29'),
(428, '301', 'Ramos', 'Rodolfo ', 'Zabala ', '80', 'Multivitamins Syrup 60ml ', 'Bottles ', 1, '2023-10-29'),
(429, '302', 'Aquino', 'Rodrigo ', 'Reyes ', '80', 'Multivitamins Syrup 60ml ', 'Bottles ', 1, '2023-10-29'),
(430, '303', 'Villanueva', 'Rodrigo ', 'Dela Cruz ', '80', 'Multivitamins Syrup 60ml ', 'Bottles ', 1, '2023-10-29'),
(431, '304', 'Lim', 'Roel ', 'Santos ', '80', 'Multivitamins Syrup 60ml ', 'Bottles ', 1, '2023-10-29'),
(432, '305', 'Magno', 'Rogelio ', 'Cruz ', '80', 'Multivitamins Syrup 60ml ', 'Bottles ', 1, '2023-10-29'),
(433, '306', 'Santos', 'Rogelio ', 'Gonzales ', '80', 'Multivitamins Syrup 60ml ', 'Bottles ', 1, '2023-10-29'),
(434, '307', 'Santos', 'Rogelio ', 'Bautista ', '80', 'Multivitamins Syrup 60ml ', 'Bottles ', 1, '2023-10-29'),
(435, '308', 'Dela Cruz', 'Rolando ', 'Lim ', '80', 'Multivitamins Syrup 60ml ', 'Bottles ', 1, '2023-10-29'),
(436, '309', 'Perez', 'Romeo ', 'Fernandez ', '80', 'Multivitamins Syrup 60ml ', 'Bottles ', 1, '2023-10-29'),
(437, '310', 'Perez', 'Romeo ', 'Aquino ', '80', 'Multivitamins Syrup 60ml ', 'Bottles ', 1, '2023-10-29'),
(438, '311', 'Lim', 'Rommel ', 'Magno ', '80', 'Multivitamins Syrup 60ml ', 'Bottles ', 1, '2023-10-29'),
(439, '312', 'Aquino', 'Romulo ', 'Sison ', '80', 'Multivitamins Syrup 60ml ', 'Bottles ', 1, '2023-10-29'),
(440, '313', 'Perez', 'Ronaldo ', 'De Guzman ', '80', 'Multivitamins Syrup 60ml ', 'Bottles ', 1, '2023-10-29'),
(441, '314', 'Gonzales', 'Rosa ', 'Abad ', '80', 'Multivitamins Syrup 60ml ', 'Bottles ', 1, '2023-10-29'),
(442, '315', 'Cruz', 'Rosalinda ', 'Alonzo ', '80', 'Multivitamins Syrup 60ml ', 'Bottles ', 1, '2023-10-29'),
(443, '316', 'Garcia', 'Rosalinda ', 'Alvaro ', '80', 'Multivitamins Syrup 60ml ', 'Bottles ', 1, '2023-10-29'),
(444, '317', 'Gonzales', 'Rosalinda ', 'Balagtas ', '80', 'Multivitamins Syrup 60ml ', 'Bottles ', 1, '2023-10-29'),
(445, '318', 'Ocampo', 'Rosalinda ', 'Baltazar ', '80', 'Multivitamins Syrup 60ml ', 'Bottles ', 1, '2023-10-29'),
(446, '319', 'Cruz', 'Rosario ', 'Banaag ', '80', 'Multivitamins Syrup 60ml ', 'Bottles ', 1, '2023-10-29'),
(447, '320', 'Reyes', 'Rosario ', 'Caballero ', '80', 'Multivitamins Syrup 60ml ', 'Bottles ', 1, '2023-10-29'),
(448, '321', 'Gonzales', 'Rosita ', 'Canlas ', '80', 'Multivitamins Syrup 60ml ', 'Bottles ', 1, '2023-10-29'),
(449, '322', 'Lim', 'Ruben ', 'Casumpang ', '80', 'Multivitamins Syrup 60ml ', 'Bottles ', 1, '2023-10-29'),
(450, '323', 'Reyes', 'Ruben ', 'Dayrit ', '80', 'Multivitamins Syrup 60ml ', 'Bottles ', 1, '2023-10-29'),
(451, '324', 'Tan', 'Ruby ', 'Dimaculangan ', '80', 'Multivitamins Syrup 60ml ', 'Bottles ', 1, '2023-10-29'),
(452, '325', 'dela Cruz', 'Salvador ', 'Enriquez ', '80', 'Multivitamins Syrup 60ml ', 'Bottles ', 1, '2023-10-29'),
(453, '326', 'Ramos', 'Santiago ', 'Fabian ', '80', 'Multivitamins Syrup 60ml ', 'Bottles ', 1, '2023-10-29'),
(454, '327', 'Del Rosario', 'Socorro ', 'Gabon ', '80', 'Multivitamins Syrup 60ml ', 'Bottles ', 1, '2023-10-29'),
(455, '328', 'Tan', 'Sofia ', 'Herrera ', '80', 'Multivitamins Syrup 60ml ', 'Bottles ', 1, '2023-10-29'),
(456, '329', 'Garcia', 'Teodoro ', 'Javellana ', '80', 'Multivitamins Syrup 60ml ', 'Bottles ', 1, '2023-10-29'),
(457, '330', 'Lim', 'Teofilo ', 'Jimenez ', '80', 'Multivitamins Syrup 60ml ', 'Bottles ', 1, '2023-10-29'),
(458, '331', 'Lee', 'Teresa ', 'Lao ', '80', 'Multivitamins Syrup 60ml ', 'Bottles ', 1, '2023-10-29'),
(459, '332', 'Rodriguez', 'Teresa ', 'Lorenzo ', '80', 'Multivitamins Syrup 60ml ', 'Bottles ', 1, '2023-10-29'),
(460, '333', 'Santos', 'Teresa ', 'Macapagal ', '80', 'Multivitamins Syrup 60ml ', 'Bottles ', 1, '2023-10-29'),
(461, '334', 'Cruz', 'Teresita ', 'Marcelo ', '80', 'Multivitamins Syrup 60ml ', 'Bottles ', 1, '2023-10-29'),
(462, '335', 'Yu', 'Teresita ', 'Montalban ', '80', 'Multivitamins Syrup 60ml ', 'Bottles ', 1, '2023-10-29'),
(463, '336', 'Garcia', 'Tomas ', 'Navarro ', '80', 'Multivitamins Syrup 60ml ', 'Bottles ', 1, '2023-10-29'),
(464, '337', 'Reyes', 'Vanessa ', 'Ocampo ', '80', 'Multivitamins Syrup 60ml ', 'Bottles ', 1, '2023-10-29'),
(465, '338', 'Garcia', 'Veronica ', 'Padilla ', '80', 'Multivitamins Syrup 60ml ', 'Bottles ', 1, '2023-10-29'),
(466, '339', 'Torres', 'Veronica ', 'Perez ', '80', 'Multivitamins Syrup 60ml ', 'Bottles ', 1, '2023-10-29'),
(467, '340', 'Aquino', 'Victor ', 'Quizon ', '80', 'Multivitamins Syrup 60ml ', 'Bottles ', 1, '2023-10-29'),
(468, '341', 'De Guzman', 'Victor ', 'Ramirez ', '80', 'Multivitamins Syrup 60ml ', 'Bottles ', 1, '2023-10-29'),
(469, '342', 'Perez', 'Victor ', 'Roxas ', '80', 'Multivitamins Syrup 60ml ', 'Bottles ', 1, '2023-10-29'),
(470, '343', 'Valdez', 'Victor ', 'Sarmiento ', '80', 'Multivitamins Syrup 60ml ', 'Bottles ', 1, '2023-10-29'),
(471, '344', 'Santos', 'Victoria ', 'Serrano ', '80', 'Multivitamins Syrup 60ml ', 'Bottles ', 1, '2023-10-29'),
(472, '345', 'dela Cruz', 'Virgilio ', 'Solis ', '80', 'Multivitamins Syrup 60ml ', 'Bottles ', 1, '2023-10-29'),
(473, '346', 'Gonzales', 'Yolanda ', 'Tadeo ', '80', 'Multivitamins Syrup 60ml ', 'Bottles ', 1, '2023-10-29'),
(474, '347', 'Rodriguez', 'Yolanda ', 'Tan ', '80', 'Multivitamins Syrup 60ml ', 'Bottles ', 1, '2023-10-29'),
(475, '348', 'Santos', 'Yolanda ', 'Uriarte ', '80', 'Multivitamins Syrup 60ml ', 'Bottles ', 1, '2023-10-29'),
(476, '2', 'Dela Calzada', 'Agnes ', 'Reyes ', '69', 'Birth Control Patch ', 'Boxes ', 1, '2023-10-29'),
(477, '3', 'Sison', 'Agnes ', 'Dela Cruz ', '69', 'Birth Control Patch ', 'Boxes ', 1, '2023-10-29'),
(478, '4', 'Reyes', 'Agustin ', 'Santos ', '77', 'Spermicide ', 'Bottles ', 1, '2023-10-29'),
(479, '5', 'Lim', 'Alberto ', 'Cruz ', '77', 'Spermicide ', 'Bottles ', 1, '2023-10-29'),
(480, '6', 'Reyes', 'Alberto ', 'Gonzales ', '77', 'Spermicide ', 'Bottles ', 1, '2023-10-29'),
(481, '7', 'Santos', 'Alberto ', 'Bautista ', '77', 'Spermicide ', 'Bottles ', 1, '2023-10-29'),
(482, '8', 'Villanueva', 'Alberto ', 'Lim ', '77', 'Spermicide ', 'Bottles ', 1, '2023-10-29'),
(483, '9', 'Villanueva', 'Alejandro ', 'Fernandez ', '77', 'Spermicide ', 'Bottles ', 1, '2023-10-29'),
(484, '10', 'De Guia', 'Alexander ', 'Aquino ', '77', 'Spermicide ', 'Bottles ', 1, '2023-10-29'),
(485, '11', 'Dela Cruz', 'Alfonso ', 'Magno ', '77', 'Spermicide ', 'Bottles ', 1, '2023-10-29'),
(486, '12', 'Santos', 'Alfredo ', 'Sison ', '77', 'Spermicide ', 'Bottles ', 1, '2023-10-29'),
(487, '13', 'Gonzales', 'Alma ', 'De Guzman ', '85', 'Robitussin Cough ', 'Bottles ', 1, '2023-10-29'),
(488, '14', 'Ong', 'Alma ', 'Abad ', '85', 'Robitussin Cough ', 'Bottles ', 1, '2023-10-29'),
(489, '15', 'dela Cruz', 'Amelia ', 'Alonzo ', '85', 'Robitussin Cough ', 'Bottles ', 1, '2023-10-29'),
(490, '16', 'Hernandez', 'Amelia ', 'Alvaro ', '85', 'Robitussin Cough ', 'Bottles ', 1, '2023-10-29'),
(491, '17', 'Reyes', 'Amelia ', 'Balagtas ', '85', 'Robitussin Cough ', 'Bottles ', 1, '2023-10-29'),
(492, '18', 'Ang', 'Amelita ', 'Baltazar ', '85', 'Robitussin Cough ', 'Bottles ', 1, '2023-10-29'),
(493, '19', 'Gonzales', 'Amelita ', 'Banaag ', '85', 'Robitussin Cough ', 'Bottles ', 1, '2023-10-29'),
(494, '20', 'Sison', 'Amparo ', 'Caballero ', '85', 'Robitussin Cough ', 'Bottles ', 1, '2023-10-29'),
(495, '21', 'Lim', 'Andres ', 'Canlas ', '65', 'Condoms ', 'Boxes ', 1, '2023-10-29'),
(496, '22', 'Lim', 'Andres ', 'Casumpang ', '65', 'Condoms ', 'Boxes ', 1, '2023-10-29'),
(497, '23', 'Ong', 'Andres ', 'Dayrit ', '65', 'Condoms ', 'Boxes ', 1, '2023-10-29'),
(498, '24', 'dela Cruz', 'Angel ', 'Dimaculangan ', '97', 'Amoxicillin Capsules 500mg ', 'Boxes ', 1, '2023-10-29'),
(499, '25', 'Hernandez', 'Angela ', 'Enriquez ', '97', 'Amoxicillin Capsules 500mg ', 'Boxes ', 1, '2023-10-29'),
(500, '26', 'Reyes', 'Angela ', 'Fabian ', '97', 'Amoxicillin Capsules 500mg ', 'Boxes ', 1, '2023-10-29'),
(501, '27', 'Reyes', 'Angela ', 'Gabon ', '97', 'Amoxicillin Capsules 500mg ', 'Boxes ', 1, '2023-10-29'),
(502, '28', 'Hernandez', 'Angeline ', 'Herrera ', '97', 'Amoxicillin Capsules 500mg ', 'Boxes ', 1, '2023-10-29'),
(503, '29', 'Tan', 'Angelito ', 'Javellana ', '97', 'Amoxicillin Capsules 500mg ', 'Boxes ', 1, '2023-10-29'),
(504, '30', 'Reyes', 'Anna ', 'Jimenez ', '97', 'Amoxicillin Capsules 500mg ', 'Boxes ', 1, '2023-10-29'),
(505, '31', 'Ramos', 'Antonio ', 'Lao ', '97', 'Amoxicillin Capsules 500mg ', 'Boxes ', 1, '2023-10-29'),
(506, '32', 'Reyes', 'Antonio ', 'Lorenzo ', '97', 'Amoxicillin Capsules 500mg ', 'Boxes ', 1, '2023-10-29'),
(507, '33', 'Santos', 'Antonio ', 'Macapagal ', '97', 'Amoxicillin Capsules 500mg ', 'Boxes ', 1, '2023-10-29'),
(508, '34', 'Cruz', 'Araceli ', 'Marcelo ', '97', 'Amoxicillin Capsules 500mg ', 'Boxes ', 1, '2023-10-29'),
(509, '35', 'Sison', 'Araceli ', 'Montalban ', '97', 'Amoxicillin Capsules 500mg ', 'Boxes ', 1, '2023-10-29'),
(510, '36', 'Abad', 'Arlene ', 'Navarro ', '97', 'Amoxicillin Capsules 500mg ', 'Boxes ', 1, '2023-10-29'),
(511, '37', 'Perez', 'Armando ', 'Ocampo ', '97', 'Amoxicillin Capsules 500mg ', 'Boxes ', 1, '2023-10-29'),
(512, '38', 'Santos', 'Armando ', 'Padilla ', '97', 'Amoxicillin Capsules 500mg ', 'Boxes ', 1, '2023-10-29'),
(513, '39', 'Rodriguez', 'Arnold ', 'Perez ', '97', 'Amoxicillin Capsules 500mg ', 'Boxes ', 1, '2023-10-29'),
(514, '40', 'Ramos', 'Arnulfo ', 'Quizon ', '97', 'Amoxicillin Capsules 500mg ', 'Boxes ', 1, '2023-10-29'),
(515, '41', 'Cruz', 'Asuncion ', 'Ramirez ', '80', 'Multivitamins Syrup 60ml ', 'Bottles ', 1, '2023-10-29'),
(516, '42', 'Cruz', 'Aurora ', 'Roxas ', '80', 'Multivitamins Syrup 60ml ', 'Bottles ', 1, '2023-10-29'),
(517, '43', 'Rivera', 'Aurora ', 'Sarmiento ', '80', 'Multivitamins Syrup 60ml ', 'Bottles ', 1, '2023-10-29'),
(518, '44', 'Torres', 'Aurora ', 'Serrano ', '80', 'Multivitamins Syrup 60ml ', 'Bottles ', 1, '2023-10-29'),
(519, '45', 'Sison', 'Beatriz ', 'Solis ', '80', 'Multivitamins Syrup 60ml ', 'Bottles ', 1, '2023-10-29'),
(520, '46', 'Torres', 'Belen ', 'Tadeo ', '80', 'Multivitamins Syrup 60ml ', 'Bottles ', 1, '2023-10-29'),
(521, '47', 'Hernandez', 'Belinda ', 'Tan ', '80', 'Multivitamins Syrup 60ml ', 'Bottles ', 1, '2023-10-29'),
(522, '48', 'Reyes', 'Benito ', 'Uriarte ', '80', 'Multivitamins Syrup 60ml ', 'Bottles ', 1, '2023-10-29'),
(523, '49', 'Santos', 'Benito ', 'Villanueva ', '80', 'Multivitamins Syrup 60ml ', 'Bottles ', 1, '2023-10-29'),
(524, '50', 'Lim', 'Benjamin ', 'Yabut ', '80', 'Multivitamins Syrup 60ml ', 'Bottles ', 1, '2023-10-29'),
(525, '51', 'Santos', 'Bernadette ', 'Zabala ', '80', 'Multivitamins Syrup 60ml ', 'Bottles ', 1, '2023-10-29'),
(526, '52', 'Cruz', 'Bernardo ', 'Reyes ', '80', 'Multivitamins Syrup 60ml ', 'Bottles ', 1, '2023-10-29'),
(527, '53', 'Dela Rosa', 'Bernardo ', 'Dela Cruz ', '80', 'Multivitamins Syrup 60ml ', 'Bottles ', 1, '2023-10-29'),
(528, '54', 'Villanueva', 'Bernardo ', 'Santos ', '80', 'Multivitamins Syrup 60ml ', 'Bottles ', 1, '2023-10-29'),
(529, '55', 'Ramos', 'Bonifacio ', 'Cruz ', '15', 'Robitussin Cough ', 'Bottles ', 1, '2023-10-29'),
(530, '56', 'Tan', 'Bonifacio ', 'Gonzales ', '15', 'Robitussin Cough ', 'Bottles ', 1, '2023-10-29'),
(531, '57', 'Fernandez', 'Carlos ', 'Bautista ', '15', 'Robitussin Cough ', 'Bottles ', 1, '2023-10-29'),
(532, '58', 'Garcia', 'Carlos ', 'Lim ', '15', 'Robitussin Cough ', 'Bottles ', 1, '2023-10-29'),
(533, '59', 'Reyes', 'Carmen ', 'Fernandez ', '15', 'Robitussin Cough ', 'Bottles ', 1, '2023-10-29'),
(534, '60', 'Santos', 'Carmen ', 'Aquino ', '15', 'Robitussin Cough ', 'Bottles ', 1, '2023-10-29'),
(535, '61', 'Solis', 'Carmen ', 'Magno ', '81', 'Paracetamol Tablets 500mg ', 'Boxes ', 1, '2023-10-29'),
(536, '62', 'dela Cruz', 'Carolina ', 'Sison ', '81', 'Paracetamol Tablets 500mg ', 'Boxes ', 1, '2023-10-29'),
(537, '63', 'Hernandez', 'Cecilia ', 'De Guzman ', '81', 'Paracetamol Tablets 500mg ', 'Boxes ', 1, '2023-10-29'),
(538, '64', 'Perez', 'Cecilia ', 'Abad ', '81', 'Paracetamol Tablets 500mg ', 'Boxes ', 1, '2023-10-29'),
(539, '65', 'Gonzales', 'Celeste ', 'Alonzo ', '81', 'Paracetamol Tablets 500mg ', 'Boxes ', 1, '2023-10-29'),
(540, '66', 'Ramos', 'Celestino ', 'Alvaro ', '81', 'Paracetamol Tablets 500mg ', 'Boxes ', 1, '2023-10-29'),
(541, '67', 'Villanueva', 'Cesar ', 'Balagtas ', '81', 'Paracetamol Tablets 500mg ', 'Boxes ', 1, '2023-10-29'),
(542, '68', 'Tan', 'Clarissa ', 'Baltazar ', '81', 'Paracetamol Tablets 500mg ', 'Boxes ', 1, '2023-10-29'),
(543, '69', 'Santos', 'Clarita ', 'Banaag ', '81', 'Paracetamol Tablets 500mg ', 'Boxes ', 1, '2023-10-29'),
(544, '70', 'Lim', 'Claro ', 'Caballero ', '81', 'Paracetamol Tablets 500mg ', 'Boxes ', 1, '2023-10-29'),
(545, '71', 'Hernandez', 'Conchita ', 'Canlas ', '81', 'Paracetamol Tablets 500mg ', 'Boxes ', 1, '2023-10-29'),
(546, '72', 'Cruz', 'Consuelo ', 'Casumpang ', '81', 'Paracetamol Tablets 500mg ', 'Boxes ', 1, '2023-10-29'),
(547, '73', 'Cruz', 'Consuelo ', 'Dayrit ', '81', 'Paracetamol Tablets 500mg ', 'Boxes ', 1, '2023-10-29'),
(548, '74', 'Torres', 'Corazon ', 'Dimaculangan ', '81', 'Paracetamol Tablets 500mg ', 'Boxes ', 1, '2023-10-29'),
(549, '75', 'Reyes', 'Cristina ', 'Enriquez ', '81', 'Paracetamol Tablets 500mg ', 'Boxes ', 1, '2023-10-29'),
(550, '76', 'Tan', 'Cynthia ', 'Fabian ', '81', 'Paracetamol Tablets 500mg ', 'Boxes ', 1, '2023-10-29'),
(551, '77', 'Santos', 'Daisy ', 'Gabon ', '81', 'Paracetamol Tablets 500mg ', 'Boxes ', 1, '2023-10-29'),
(552, '78', 'Rodriguez', 'Diana ', 'Herrera ', '81', 'Paracetamol Tablets 500mg ', 'Boxes ', 1, '2023-10-29'),
(553, '79', 'Santos', 'Dionisio ', 'Javellana ', '81', 'Paracetamol Tablets 500mg ', 'Boxes ', 1, '2023-10-29'),
(554, '80', 'Aquino', 'Divina ', 'Jimenez ', '81', 'Paracetamol Tablets 500mg ', 'Boxes ', 1, '2023-10-29'),
(555, '81', 'Cruz', 'Divina ', 'Lao ', '81', 'Paracetamol Tablets 500mg ', 'Boxes ', 1, '2023-10-29'),
(556, '82', 'Tan', 'Dolores ', 'Lorenzo ', '81', 'Paracetamol Tablets 500mg ', 'Boxes ', 1, '2023-10-29'),
(557, '83', 'Perez', 'Edgardo ', 'Macapagal ', '81', 'Paracetamol Tablets 500mg ', 'Boxes ', 1, '2023-10-29'),
(558, '84', 'Reyes', 'Edgardo ', 'Marcelo ', '81', 'Paracetamol Tablets 500mg ', 'Boxes ', 1, '2023-10-29'),
(559, '85', 'Abad', 'Edna ', 'Montalban ', '81', 'Paracetamol Tablets 500mg ', 'Boxes ', 1, '2023-10-29'),
(560, '86', 'Mendoza', 'Edna ', 'Navarro ', '81', 'Paracetamol Tablets 500mg ', 'Boxes ', 1, '2023-10-29'),
(561, '87', 'Reyes', 'Edna ', 'Ocampo ', '81', 'Paracetamol Tablets 500mg ', 'Boxes ', 1, '2023-10-29'),
(562, '88', 'Aquino', 'Eduardo ', 'Padilla ', '81', 'Paracetamol Tablets 500mg ', 'Boxes ', 1, '2023-10-29'),
(563, '89', 'Castillo', 'Eduardo ', 'Perez ', '81', 'Paracetamol Tablets 500mg ', 'Boxes ', 1, '2023-10-29'),
(564, '90', 'Cruz', 'Eduardo ', 'Quizon ', '81', 'Paracetamol Tablets 500mg ', 'Boxes ', 1, '2023-10-29'),
(565, '91', 'Reyes', 'Eduardo ', 'Ramirez ', '81', 'Paracetamol Tablets 500mg ', 'Boxes ', 1, '2023-10-29'),
(566, '92', 'Reyes', 'Eduardo ', 'Roxas ', '81', 'Paracetamol Tablets 500mg ', 'Boxes ', 1, '2023-10-29'),
(567, '93', 'Sy', 'Edwin ', 'Sarmiento ', '81', 'Paracetamol Tablets 500mg ', 'Boxes ', 1, '2023-10-29'),
(568, '94', 'Aquino', 'Efren ', 'Serrano ', '81', 'Paracetamol Tablets 500mg ', 'Boxes ', 1, '2023-10-29'),
(569, '95', 'Magno', 'Elaine ', 'Solis ', '81', 'Paracetamol Tablets 500mg ', 'Boxes ', 1, '2023-10-29'),
(570, '96', 'Tan', 'Eleanor ', 'Tadeo ', '81', 'Paracetamol Tablets 500mg ', 'Boxes ', 1, '2023-10-29'),
(571, '97', 'Torres', 'Elena ', 'Tan ', '81', 'Paracetamol Tablets 500mg ', 'Boxes ', 1, '2023-10-29'),
(572, '98', 'Ramos', 'Eleuterio ', 'Uriarte ', '81', 'Paracetamol Tablets 500mg ', 'Boxes ', 1, '2023-10-29'),
(573, '99', 'Santos', 'Elmer ', 'Villanueva ', '12', 'Mefenamic Acid Capsules 250mg ', 'Boxes ', 1, '2023-10-29'),
(574, '100', 'Aquino', 'Emil ', 'Yabut ', '12', 'Mefenamic Acid Capsules 250mg ', 'Boxes ', 1, '2023-10-29'),
(575, '101', 'Cruz', 'Emiliano ', 'Zabala ', '12', 'Mefenamic Acid Capsules 250mg ', 'Boxes ', 1, '2023-10-29'),
(576, '102', 'Yu', 'Emiliano ', 'Reyes ', '12', 'Mefenamic Acid Capsules 250mg ', 'Boxes ', 1, '2023-10-29'),
(577, '103', 'Aquino', 'Emilio ', 'Dela Cruz ', '12', 'Mefenamic Acid Capsules 250mg ', 'Boxes ', 1, '2023-10-29'),
(578, '104', 'Perez', 'Emmanuel ', 'Santos ', '12', 'Mefenamic Acid Capsules 250mg ', 'Boxes ', 1, '2023-10-29'),
(579, '105', 'Villanueva', 'Enrique ', 'Cruz ', '12', 'Mefenamic Acid Capsules 250mg ', 'Boxes ', 1, '2023-10-29'),
(580, '106', 'Rodriguez', 'Erlinda ', 'Gonzales ', '12', 'Mefenamic Acid Capsules 250mg ', 'Boxes ', 1, '2023-10-29'),
(581, '107', 'dela Cruz', 'Ernest ', 'Bautista ', '12', 'Mefenamic Acid Capsules 250mg ', 'Boxes ', 1, '2023-10-29'),
(582, '108', 'Aquino', 'Ernesto ', 'Lim ', '65', 'Condoms ', 'Boxes ', 1, '2023-10-29'),
(583, '109', 'Rodriguez', 'Esperanza ', 'Fernandez ', '3', 'Intrauterine Device (IUD) ', 'Pcs ', 1, '2023-10-29'),
(584, '110', 'Tan', 'Esperanza ', 'Aquino ', '3', 'Intrauterine Device (IUD) ', 'Pcs ', 1, '2023-10-29'),
(585, '111', 'Tan', 'Esperanza ', 'Magno ', '3', 'Intrauterine Device (IUD) ', 'Pcs ', 1, '2023-10-29'),
(586, '112', 'Ramos', 'Esteban ', 'Sison ', '65', 'Condoms ', 'Boxes ', 1, '2023-10-29'),
(587, '113', 'Chua', 'Estela ', 'De Guzman ', '3', 'Intrauterine Device (IUD) ', 'Pcs ', 1, '2023-10-29'),
(588, '114', 'Hernandez', 'Estela ', 'Abad ', '3', 'Intrauterine Device (IUD) ', 'Pcs ', 1, '2023-10-29'),
(589, '115', 'Abad', 'Ester ', 'Alonzo ', '5', 'Condoms ', 'Boxes ', 1, '2023-10-29'),
(590, '116', 'Gonzales', 'Eugenio ', 'Alvaro ', '65', 'Condoms ', 'Boxes ', 1, '2023-10-29'),
(591, '117', 'Perez', 'Evelyn ', 'Balagtas ', '66', 'Birth Control Pills ', 'Boxes ', 1, '2023-10-29'),
(592, '118', 'Abad', 'Fatima ', 'Baltazar ', '66', 'Birth Control Pills ', 'Boxes ', 1, '2023-10-29');
INSERT INTO `request_medicine` (`req_med_Id`, `residentId`, `lastName`, `firstName`, `middleName`, `productId`, `productName`, `unit`, `quantity_req`, `givenDate`) VALUES
(593, '119', 'Aquino', 'Federico ', 'Banaag ', '80', 'Multivitamins Syrup 60ml ', 'Bottles ', 1, '2023-10-29'),
(594, '120', 'Cruz', 'Federico ', 'Caballero ', '80', 'Multivitamins Syrup 60ml ', 'Bottles ', 1, '2023-10-29'),
(595, '121', 'Lim', 'Feliciano ', 'Canlas ', '80', 'Multivitamins Syrup 60ml ', 'Bottles ', 1, '2023-10-29'),
(596, '122', 'Rodriguez', 'Ferdinand ', 'Casumpang ', '80', 'Multivitamins Syrup 60ml ', 'Bottles ', 1, '2023-10-29'),
(597, '123', 'Santos', 'Ferdinand ', 'Dayrit ', '80', 'Multivitamins Syrup 60ml ', 'Bottles ', 1, '2023-10-29'),
(598, '124', 'Perez', 'Fernando ', 'Dimaculangan ', '80', 'Multivitamins Syrup 60ml ', 'Bottles ', 1, '2023-10-29'),
(599, '125', 'Ramos', 'Fernando ', 'Enriquez ', '80', 'Multivitamins Syrup 60ml ', 'Bottles ', 1, '2023-10-29'),
(600, '126', 'Cruz', 'Francisco ', 'Fabian ', '80', 'Multivitamins Syrup 60ml ', 'Bottles ', 1, '2023-10-29'),
(601, '127', 'Cruz', 'Francisco ', 'Gabon ', '80', 'Multivitamins Syrup 60ml ', 'Bottles ', 1, '2023-10-29'),
(602, '128', 'dela Cruz', 'Gabriel ', 'Herrera ', '80', 'Multivitamins Syrup 60ml ', 'Bottles ', 1, '2023-10-29'),
(603, '129', 'dela Cruz', 'Gerardo ', 'Javellana ', '80', 'Multivitamins Syrup 60ml ', 'Bottles ', 1, '2023-10-29'),
(604, '130', 'Villanueva', 'Gilbert ', 'Jimenez ', '80', 'Multivitamins Syrup 60ml ', 'Bottles ', 1, '2023-10-29'),
(605, '131', 'Cruz', 'Gilberto ', 'Lao ', '80', 'Multivitamins Syrup 60ml ', 'Bottles ', 1, '2023-10-29'),
(606, '132', 'Hernandez', 'Gilda ', 'Lorenzo ', '66', 'Birth Control Pills ', 'Boxes ', 1, '2023-10-29'),
(607, '133', 'Cruz', 'Gina ', 'Macapagal ', '66', 'Birth Control Pills ', 'Boxes ', 1, '2023-10-29'),
(608, '134', 'Flores', 'Giselle ', 'Marcelo ', '66', 'Birth Control Pills ', 'Boxes ', 1, '2023-10-29'),
(609, '135', 'Rodriguez', 'Giselle ', 'Montalban ', '66', 'Birth Control Pills ', 'Boxes ', 1, '2023-10-29'),
(610, '136', 'Solis', 'Glenda ', 'Navarro ', '66', 'Birth Control Pills ', 'Boxes ', 1, '2023-10-29'),
(611, '137', 'Sy', 'Grace ', 'Ocampo ', '66', 'Birth Control Pills ', 'Boxes ', 1, '2023-10-29'),
(612, '138', 'Cruz', 'Gregorio ', 'Padilla ', '80', 'Multivitamins Syrup 60ml ', 'Bottles ', 1, '2023-10-29'),
(613, '139', 'Ramos', 'Gregorio ', 'Perez ', '80', 'Multivitamins Syrup 60ml ', 'Bottles ', 1, '2023-10-29'),
(614, '140', 'Reyes', 'Gregorio ', 'Quizon ', '80', 'Multivitamins Syrup 60ml ', 'Bottles ', 1, '2023-10-29'),
(615, '141', 'Torres', 'Guadalupe ', 'Ramirez ', '80', 'Multivitamins Syrup 60ml ', 'Bottles ', 1, '2023-10-29'),
(616, '142', 'Sison', 'Guia ', 'Roxas ', '80', 'Multivitamins Syrup 60ml ', 'Bottles ', 1, '2023-10-29'),
(617, '143', 'dela Cruz', 'Guillermo ', 'Sarmiento ', '80', 'Multivitamins Syrup 60ml ', 'Bottles ', 1, '2023-10-29'),
(618, '144', 'Perez', 'Guillermo ', 'Serrano ', '80', 'Multivitamins Syrup 60ml ', 'Bottles ', 1, '2023-10-29'),
(619, '145', 'Yu', 'Guillermo ', 'Solis ', '80', 'Multivitamins Syrup 60ml ', 'Bottles ', 1, '2023-10-29'),
(620, '146', 'Rodriguez', 'Hector ', 'Tadeo ', '80', 'Multivitamins Syrup 60ml ', 'Bottles ', 1, '2023-10-29'),
(621, '147', 'Garcia', 'Hermogenes ', 'Tan ', '80', 'Multivitamins Syrup 60ml ', 'Bottles ', 1, '2023-10-29'),
(622, '148', 'Gonzales', 'Imee ', 'Uriarte ', '66', 'Birth Control Pills ', 'Boxes ', 1, '2023-10-29'),
(623, '149', 'Rodriguez', 'Imelda ', 'Villanueva ', '66', 'Birth Control Pills ', 'Boxes ', 1, '2023-10-29'),
(624, '150', 'Sison', 'Imelda ', 'Yabut ', '66', 'Birth Control Pills ', 'Boxes ', 1, '2023-10-29'),
(625, '151', 'Torres', 'Imelda ', 'Zabala ', '66', 'Birth Control Pills ', 'Boxes ', 1, '2023-10-29'),
(626, '152', 'Reyes', 'Isabel ', 'Reyes ', '66', 'Birth Control Pills ', 'Boxes ', 1, '2023-10-29'),
(627, '153', 'Cruz', 'Isabelita ', 'Dela Cruz ', '66', 'Birth Control Pills ', 'Boxes ', 1, '2023-10-29'),
(628, '154', 'Gonzales', 'Isabella ', 'Santos ', '66', 'Birth Control Pills ', 'Boxes ', 1, '2023-10-29'),
(629, '155', 'Reyes', 'Isagani ', 'Cruz ', '83', 'Ascorbic Acid (Vitamin C) Tablets 1000mg ', 'Boxes ', 1, '2023-10-29'),
(630, '156', 'Ramos', 'Isidro ', 'Gonzales ', '83', 'Ascorbic Acid (Vitamin C) Tablets 1000mg ', 'Boxes ', 1, '2023-10-29'),
(631, '157', 'Villanueva', 'Isidro ', 'Bautista ', '83', 'Ascorbic Acid (Vitamin C) Tablets 1000mg ', 'Boxes ', 1, '2023-10-29'),
(632, '158', 'Cruz', 'Jaime ', 'Lim ', '83', 'Ascorbic Acid (Vitamin C) Tablets 1000mg ', 'Boxes ', 1, '2023-10-29'),
(633, '159', 'Lim', 'Jaime ', 'Fernandez ', '83', 'Ascorbic Acid (Vitamin C) Tablets 1000mg ', 'Boxes ', 1, '2023-10-29'),
(634, '160', 'Reyes', 'Jaime ', 'Aquino ', '83', 'Ascorbic Acid (Vitamin C) Tablets 1000mg ', 'Boxes ', 1, '2023-10-29'),
(635, '161', 'Garcia', 'Jesus ', 'Magno ', '83', 'Ascorbic Acid (Vitamin C) Tablets 1000mg ', 'Boxes ', 1, '2023-10-29'),
(636, '162', 'Lim', 'Jocelyn ', 'Sison ', '83', 'Ascorbic Acid (Vitamin C) Tablets 1000mg ', 'Boxes ', 1, '2023-10-29'),
(637, '163', 'Ocampo', 'Jocelyn ', 'De Guzman ', '83', 'Ascorbic Acid (Vitamin C) Tablets 1000mg ', 'Boxes ', 1, '2023-10-29'),
(638, '164', 'Aquino', 'Jose ', 'Abad ', '83', 'Ascorbic Acid (Vitamin C) Tablets 1000mg ', 'Boxes ', 1, '2023-10-29'),
(639, '165', 'Cruz', 'Jose ', 'Alonzo ', '83', 'Ascorbic Acid (Vitamin C) Tablets 1000mg ', 'Boxes ', 1, '2023-10-29'),
(640, '166', 'De Guzman', 'Jose ', 'Alvaro ', '83', 'Ascorbic Acid (Vitamin C) Tablets 1000mg ', 'Boxes ', 1, '2023-10-29'),
(641, '167', 'Lim', 'Jose ', 'Balagtas ', '83', 'Ascorbic Acid (Vitamin C) Tablets 1000mg ', 'Boxes ', 1, '2023-10-29'),
(642, '168', 'Reyes', 'Jose ', 'Baltazar ', '83', 'Ascorbic Acid (Vitamin C) Tablets 1000mg ', 'Boxes ', 1, '2023-10-29'),
(643, '169', 'Santos', 'Josefa ', 'Banaag ', '83', 'Ascorbic Acid (Vitamin C) Tablets 1000mg ', 'Boxes ', 1, '2023-10-29'),
(644, '170', 'Abad', 'Josefina ', 'Caballero ', '71', 'Birth Control Shot (Depo-Provera) ', 'Bottles ', 1, '2023-10-29'),
(645, '171', 'Cruz', 'Josefina ', 'Canlas ', '71', 'Birth Control Shot (Depo-Provera) ', 'Bottles ', 1, '2023-10-29'),
(646, '172', 'Reyes', 'Josefina ', 'Casumpang ', '71', 'Birth Control Shot (Depo-Provera) ', 'Bottles ', 1, '2023-10-29'),
(647, '173', 'Rodriguez', 'Josefina ', 'Dayrit ', '71', 'Birth Control Shot (Depo-Provera) ', 'Bottles ', 1, '2023-10-29'),
(648, '174', 'Torres', 'Josefina ', 'Dimaculangan ', '71', 'Birth Control Shot (Depo-Provera) ', 'Bottles ', 1, '2023-10-29'),
(649, '175', 'Hernandez', 'Josephine ', 'Enriquez ', '71', 'Birth Control Shot (Depo-Provera) ', 'Bottles ', 1, '2023-10-29'),
(650, '176', 'Sison', 'Jovita ', 'Fabian ', '71', 'Birth Control Shot (Depo-Provera) ', 'Bottles ', 1, '2023-10-29'),
(651, '177', 'Ang', 'Joyce ', 'Gabon ', '71', 'Birth Control Shot (Depo-Provera) ', 'Bottles ', 1, '2023-10-29'),
(652, '178', 'dela Cruz', 'Juan ', 'Herrera ', '81', 'Paracetamol Tablets 500mg ', 'Boxes ', 1, '2023-10-29'),
(653, '179', 'Santos', 'Juan ', 'Javellana ', '81', 'Paracetamol Tablets 500mg ', 'Boxes ', 1, '2023-10-29'),
(654, '180', 'Santos', 'Juan ', 'Jimenez ', '81', 'Paracetamol Tablets 500mg ', 'Boxes ', 1, '2023-10-29'),
(655, '181', 'dela Cruz', 'Juanita ', 'Lao ', '81', 'Paracetamol Tablets 500mg ', 'Boxes ', 1, '2023-10-29'),
(656, '182', 'De Vera', 'Juanito ', 'Lorenzo ', '81', 'Paracetamol Tablets 500mg ', 'Boxes ', 1, '2023-10-29'),
(657, '183', 'dela Cruz', 'Juanito ', 'Macapagal ', '81', 'Paracetamol Tablets 500mg ', 'Boxes ', 1, '2023-10-29'),
(658, '184', 'Lim', 'Judith ', 'Marcelo ', '81', 'Paracetamol Tablets 500mg ', 'Boxes ', 1, '2023-10-29'),
(659, '185', 'Rodriguez', 'Juliana ', 'Montalban ', '81', 'Paracetamol Tablets 500mg ', 'Boxes ', 1, '2023-10-29'),
(660, '186', 'Castro', 'Julius ', 'Navarro ', '81', 'Paracetamol Tablets 500mg ', 'Boxes ', 1, '2023-10-29'),
(661, '187', 'Lim', 'Lea ', 'Ocampo ', '81', 'Paracetamol Tablets 500mg ', 'Boxes ', 1, '2023-10-29'),
(662, '188', 'Garcia', 'Leandro ', 'Padilla ', '81', 'Paracetamol Tablets 500mg ', 'Boxes ', 1, '2023-10-29'),
(663, '189', 'Santos', 'Leo ', 'Perez ', '81', 'Paracetamol Tablets 500mg ', 'Boxes ', 1, '2023-10-29'),
(664, '190', 'Ramos', 'Leon ', 'Quizon ', '81', 'Paracetamol Tablets 500mg ', 'Boxes ', 1, '2023-10-29'),
(665, '191', 'Garcia', 'Leonardo ', 'Ramirez ', '81', 'Paracetamol Tablets 500mg ', 'Boxes ', 1, '2023-10-29'),
(666, '192', 'Reyes', 'Leonardo ', 'Roxas ', '81', 'Paracetamol Tablets 500mg ', 'Boxes ', 1, '2023-10-29'),
(667, '193', 'Cruz', 'Leonora ', 'Sarmiento ', '81', 'Paracetamol Tablets 500mg ', 'Boxes ', 1, '2023-10-29'),
(668, '194', 'Ramos', 'Leonora ', 'Serrano ', '81', 'Paracetamol Tablets 500mg ', 'Boxes ', 1, '2023-10-29'),
(669, '195', 'Tan', 'Leonora ', 'Solis ', '81', 'Paracetamol Tablets 500mg ', 'Boxes ', 1, '2023-10-29'),
(670, '196', 'Aquino', 'Leopoldo ', 'Tadeo ', '81', 'Paracetamol Tablets 500mg ', 'Boxes ', 1, '2023-10-29'),
(671, '197', 'Tan', 'Lilian ', 'Tan ', '81', 'Paracetamol Tablets 500mg ', 'Boxes ', 1, '2023-10-29'),
(672, '198', 'Mendoza', 'Lorna ', 'Uriarte ', '81', 'Paracetamol Tablets 500mg ', 'Boxes ', 1, '2023-10-29'),
(673, '199', 'Cruz', 'Lourdes ', 'Villanueva ', '81', 'Paracetamol Tablets 500mg ', 'Boxes ', 1, '2023-10-29'),
(674, '200', 'Gonzales', 'Lourdes ', 'Yabut ', '81', 'Paracetamol Tablets 500mg ', 'Boxes ', 1, '2023-10-29'),
(675, '201', 'Sison', 'Lourdes ', 'Zabala ', '81', 'Paracetamol Tablets 500mg ', 'Boxes ', 1, '2023-10-29'),
(676, '202', 'Perez', 'Luis ', 'Reyes ', '81', 'Paracetamol Tablets 500mg ', 'Boxes ', 1, '2023-10-29'),
(677, '203', 'Cruz', 'Luisito ', 'Dela Cruz ', '81', 'Paracetamol Tablets 500mg ', 'Boxes ', 1, '2023-10-29'),
(678, '204', 'Abad', 'Luningning ', 'Santos ', '81', 'Paracetamol Tablets 500mg ', 'Boxes ', 1, '2023-10-29'),
(679, '205', 'Chua', 'Luningning ', 'Cruz ', '81', 'Paracetamol Tablets 500mg ', 'Boxes ', 1, '2023-10-29'),
(680, '206', 'Reyes', 'Luningning ', 'Gonzales ', '81', 'Paracetamol Tablets 500mg ', 'Boxes ', 1, '2023-10-29'),
(681, '207', 'Sison', 'Luningning ', 'Bautista ', '81', 'Paracetamol Tablets 500mg ', 'Boxes ', 1, '2023-10-29'),
(682, '208', 'Tan', 'Luningning ', 'Lim ', '81', 'Paracetamol Tablets 500mg ', 'Boxes ', 1, '2023-10-29'),
(683, '209', 'Gonzales', 'Luz ', 'Fernandez ', '81', 'Paracetamol Tablets 500mg ', 'Boxes ', 1, '2023-10-29'),
(684, '210', 'Sison', 'Luzviminda ', 'Aquino ', '81', 'Paracetamol Tablets 500mg ', 'Boxes ', 1, '2023-10-29'),
(685, '211', 'Del Rosario', 'Manuel ', 'Magno ', '81', 'Paracetamol Tablets 500mg ', 'Boxes ', 1, '2023-10-29'),
(686, '212', 'Garcia', 'Manuel ', 'Sison ', '81', 'Paracetamol Tablets 500mg ', 'Boxes ', 1, '2023-10-29'),
(687, '213', 'Perez', 'Manuel ', 'De Guzman ', '81', 'Paracetamol Tablets 500mg ', 'Boxes ', 1, '2023-10-29'),
(688, '214', 'Cruz', 'Manuelito ', 'Abad ', '81', 'Paracetamol Tablets 500mg ', 'Boxes ', 1, '2023-10-29'),
(689, '215', 'Santos', 'Marcela ', 'Alonzo ', '81', 'Paracetamol Tablets 500mg ', 'Boxes ', 1, '2023-10-29'),
(690, '216', 'Aquino', 'Marcelino ', 'Alvaro ', '81', 'Paracetamol Tablets 500mg ', 'Boxes ', 1, '2023-10-29'),
(691, '217', 'Lim', 'Marcelo ', 'Balagtas ', '81', 'Paracetamol Tablets 500mg ', 'Boxes ', 1, '2023-10-29'),
(692, '218', 'Abad', 'Margarita ', 'Baltazar ', '81', 'Paracetamol Tablets 500mg ', 'Boxes ', 1, '2023-10-29'),
(693, '219', 'Dela Cruz', 'Maria ', 'Banaag ', '81', 'Paracetamol Tablets 500mg ', 'Boxes ', 1, '2023-10-29'),
(694, '220', 'Santos', 'Maria ', 'Caballero ', '81', 'Paracetamol Tablets 500mg ', 'Boxes ', 1, '2023-10-29'),
(695, '221', 'Torres', 'Maria ', 'Canlas ', '81', 'Paracetamol Tablets 500mg ', 'Boxes ', 1, '2023-10-29'),
(696, '222', 'Santiago', 'Mariano ', 'Casumpang ', '81', 'Paracetamol Tablets 500mg ', 'Boxes ', 1, '2023-10-29'),
(697, '223', 'Santos', 'Mariano ', 'Dayrit ', '81', 'Paracetamol Tablets 500mg ', 'Boxes ', 1, '2023-10-29'),
(698, '224', 'Cruz', 'Maricel ', 'Dimaculangan ', '81', 'Paracetamol Tablets 500mg ', 'Boxes ', 1, '2023-10-29'),
(699, '225', 'Ong', 'Maricris ', 'Enriquez ', '81', 'Paracetamol Tablets 500mg ', 'Boxes ', 1, '2023-10-29'),
(700, '226', 'Cruz', 'Marilyn ', 'Fabian ', '81', 'Paracetamol Tablets 500mg ', 'Boxes ', 1, '2023-10-29'),
(701, '227', 'Reyes', 'Marilyn ', 'Gabon ', '81', 'Paracetamol Tablets 500mg ', 'Boxes ', 1, '2023-10-29'),
(702, '228', 'Abad', 'Marina ', 'Herrera ', '81', 'Paracetamol Tablets 500mg ', 'Boxes ', 1, '2023-10-29'),
(703, '229', 'Tan', 'Marina ', 'Javellana ', '81', 'Paracetamol Tablets 500mg ', 'Boxes ', 1, '2023-10-29'),
(704, '230', 'Reyes', 'Mario ', 'Jimenez ', '81', 'Paracetamol Tablets 500mg ', 'Boxes ', 1, '2023-10-29'),
(705, '231', 'Gonzales', 'Marita ', 'Lao ', '81', 'Paracetamol Tablets 500mg ', 'Boxes ', 1, '2023-10-29'),
(706, '232', 'Abad', 'Marites ', 'Lorenzo ', '81', 'Paracetamol Tablets 500mg ', 'Boxes ', 1, '2023-10-29'),
(707, '233', 'Castro', 'Marites ', 'Macapagal ', '81', 'Paracetamol Tablets 500mg ', 'Boxes ', 1, '2023-10-29'),
(708, '234', 'Tan', 'Marites ', 'Marcelo ', '81', 'Paracetamol Tablets 500mg ', 'Boxes ', 1, '2023-10-29'),
(709, '235', 'Guevarra', 'Marlon ', 'Montalban ', '81', 'Paracetamol Tablets 500mg ', 'Boxes ', 1, '2023-10-29'),
(710, '236', 'Rodriguez', 'Matilde ', 'Navarro ', '81', 'Paracetamol Tablets 500mg ', 'Boxes ', 1, '2023-10-29'),
(711, '237', 'Torres', 'Matilde ', 'Ocampo ', '81', 'Paracetamol Tablets 500mg ', 'Boxes ', 1, '2023-10-29'),
(712, '238', 'Cruz', 'Maximo ', 'Padilla ', '81', 'Paracetamol Tablets 500mg ', 'Boxes ', 1, '2023-10-29'),
(713, '239', 'Reyes', 'Mayumi ', 'Perez ', '81', 'Paracetamol Tablets 500mg ', 'Boxes ', 1, '2023-10-29'),
(714, '240', 'Chua', 'Melanie ', 'Quizon ', '81', 'Paracetamol Tablets 500mg ', 'Boxes ', 1, '2023-10-29'),
(715, '241', 'Gonzales', 'Melinda ', 'Ramirez ', '81', 'Paracetamol Tablets 500mg ', 'Boxes ', 1, '2023-10-29'),
(716, '242', 'Reyes', 'Melinda ', 'Roxas ', '81', 'Paracetamol Tablets 500mg ', 'Boxes ', 1, '2023-10-29'),
(717, '243', 'Santos', 'Melinda ', 'Sarmiento ', '81', 'Paracetamol Tablets 500mg ', 'Boxes ', 1, '2023-10-29'),
(718, '244', 'Reyes', 'Mercedes ', 'Serrano ', '81', 'Paracetamol Tablets 500mg ', 'Boxes ', 1, '2023-10-29'),
(719, '245', 'Garcia', 'Miguel ', 'Solis ', '81', 'Paracetamol Tablets 500mg ', 'Boxes ', 1, '2023-10-29'),
(720, '246', 'Villanueva', 'Miguel ', 'Tadeo ', '81', 'Paracetamol Tablets 500mg ', 'Boxes ', 1, '2023-10-29'),
(721, '247', 'Hernandez', 'Milagros ', 'Tan ', '81', 'Paracetamol Tablets 500mg ', 'Boxes ', 1, '2023-10-29'),
(722, '248', 'Torres', 'Milagros ', 'Uriarte ', '81', 'Paracetamol Tablets 500mg ', 'Boxes ', 1, '2023-10-29'),
(723, '249', 'Lim', 'Myra ', 'Villanueva ', '81', 'Paracetamol Tablets 500mg ', 'Boxes ', 1, '2023-10-29'),
(724, '250', 'Abad', 'Myrna ', 'Yabut ', '81', 'Paracetamol Tablets 500mg ', 'Boxes ', 1, '2023-10-29'),
(725, '251', 'Cruz', 'Natividad ', 'Zabala ', '80', 'Multivitamins Syrup 60ml ', 'Bottles ', 1, '2023-10-29'),
(726, '252', 'Santos', 'Natividad ', 'Reyes ', '80', 'Multivitamins Syrup 60ml ', 'Bottles ', 1, '2023-10-29'),
(727, '253', 'Ramos', 'Nenita ', 'Dela Cruz ', '80', 'Multivitamins Syrup 60ml ', 'Bottles ', 1, '2023-10-29'),
(728, '254', 'Rodriguez', 'Nenita ', 'Santos ', '80', 'Multivitamins Syrup 60ml ', 'Bottles ', 1, '2023-10-29'),
(729, '255', 'Sison', 'Nenita ', 'Cruz ', '80', 'Multivitamins Syrup 60ml ', 'Bottles ', 1, '2023-10-29'),
(730, '256', 'Castro', 'Nestor ', 'Gonzales ', '80', 'Multivitamins Syrup 60ml ', 'Bottles ', 1, '2023-10-29'),
(731, '257', 'Perez', 'Nestor ', 'Bautista ', '80', 'Multivitamins Syrup 60ml ', 'Bottles ', 1, '2023-10-29'),
(732, '258', 'Rodriguez', 'Nestor ', 'Lim ', '80', 'Multivitamins Syrup 60ml ', 'Bottles ', 1, '2023-10-29'),
(733, '259', 'Garcia', 'Nicanor ', 'Fernandez ', '80', 'Multivitamins Syrup 60ml ', 'Bottles ', 1, '2023-10-29'),
(734, '260', 'Lim', 'Noel ', 'Aquino ', '80', 'Multivitamins Syrup 60ml ', 'Bottles ', 1, '2023-10-29'),
(735, '261', 'Reyes', 'Norma ', 'Magno ', '80', 'Multivitamins Syrup 60ml ', 'Bottles ', 1, '2023-10-29'),
(736, '262', 'Hernandez', 'Ofelia ', 'Sison ', '80', 'Multivitamins Syrup 60ml ', 'Bottles ', 1, '2023-10-29'),
(737, '263', 'Reyes', 'Orlando ', 'De Guzman ', '80', 'Multivitamins Syrup 60ml ', 'Bottles ', 1, '2023-10-29'),
(738, '264', 'Reyes', 'Orlando ', 'Abad ', '80', 'Multivitamins Syrup 60ml ', 'Bottles ', 1, '2023-10-29'),
(739, '265', 'Santos', 'Orlando ', 'Alonzo ', '80', 'Multivitamins Syrup 60ml ', 'Bottles ', 1, '2023-10-29'),
(740, '266', 'Tan', 'Orlando ', 'Alvaro ', '80', 'Multivitamins Syrup 60ml ', 'Bottles ', 1, '2023-10-29'),
(741, '267', 'dela Cruz', 'Pablo ', 'Balagtas ', '80', 'Multivitamins Syrup 60ml ', 'Bottles ', 1, '2023-10-29'),
(742, '268', 'Hernandez', 'Patricia ', 'Baltazar ', '80', 'Multivitamins Syrup 60ml ', 'Bottles ', 1, '2023-10-29'),
(743, '269', 'Aquino', 'Pedro ', 'Banaag ', '80', 'Multivitamins Syrup 60ml ', 'Bottles ', 1, '2023-10-29'),
(744, '270', 'Santos', 'Pedro ', 'Caballero ', '80', 'Multivitamins Syrup 60ml ', 'Bottles ', 1, '2023-10-29'),
(745, '271', 'Santos', 'Pedro ', 'Canlas ', '80', 'Multivitamins Syrup 60ml ', 'Bottles ', 1, '2023-10-29'),
(746, '272', 'Abad', 'Perlita ', 'Casumpang ', '80', 'Multivitamins Syrup 60ml ', 'Bottles ', 1, '2023-10-29'),
(747, '273', 'Lee', 'Perlita ', 'Dayrit ', '80', 'Multivitamins Syrup 60ml ', 'Bottles ', 1, '2023-10-29'),
(748, '274', 'Tan', 'Perlita ', 'Dimaculangan ', '80', 'Multivitamins Syrup 60ml ', 'Bottles ', 1, '2023-10-29'),
(749, '275', 'Torres', 'Pilar ', 'Enriquez ', '80', 'Multivitamins Syrup 60ml ', 'Bottles ', 1, '2023-10-29'),
(750, '276', 'Abad', 'Preciosa ', 'Fabian ', '80', 'Multivitamins Syrup 60ml ', 'Bottles ', 1, '2023-10-29'),
(751, '277', 'Sison', 'Precious ', 'Gabon ', '80', 'Multivitamins Syrup 60ml ', 'Bottles ', 1, '2023-10-29'),
(752, '278', 'Villanueva', 'Primitivo ', 'Herrera ', '80', 'Multivitamins Syrup 60ml ', 'Bottles ', 1, '2023-10-29'),
(753, '279', 'Garcia', 'Rafael ', 'Javellana ', '80', 'Multivitamins Syrup 60ml ', 'Bottles ', 1, '2023-10-29'),
(754, '280', 'Sandoval', 'Rafael ', 'Jimenez ', '80', 'Multivitamins Syrup 60ml ', 'Bottles ', 1, '2023-10-29'),
(755, '281', 'Villanueva', 'Rafael ', 'Lao ', '80', 'Multivitamins Syrup 60ml ', 'Bottles ', 1, '2023-10-29'),
(756, '282', 'Tan', 'Ramiro ', 'Lorenzo ', '80', 'Multivitamins Syrup 60ml ', 'Bottles ', 1, '2023-10-29'),
(757, '283', 'Gonzalez', 'Ramon ', 'Macapagal ', '80', 'Multivitamins Syrup 60ml ', 'Bottles ', 1, '2023-10-29'),
(758, '284', 'Reyes', 'Ramon ', 'Marcelo ', '80', 'Multivitamins Syrup 60ml ', 'Bottles ', 1, '2023-10-29'),
(759, '285', 'Santos', 'Raul ', 'Montalban ', '80', 'Multivitamins Syrup 60ml ', 'Bottles ', 1, '2023-10-29'),
(760, '286', 'Valdez', 'Raul ', 'Navarro ', '80', 'Multivitamins Syrup 60ml ', 'Bottles ', 1, '2023-10-29'),
(761, '287', 'Santos', 'Rebecca ', 'Ocampo ', '80', 'Multivitamins Syrup 60ml ', 'Bottles ', 1, '2023-10-29'),
(762, '288', 'Santos', 'Remedios ', 'Padilla ', '80', 'Multivitamins Syrup 60ml ', 'Bottles ', 1, '2023-10-29'),
(763, '289', 'Santos', 'Renato ', 'Perez ', '80', 'Multivitamins Syrup 60ml ', 'Bottles ', 1, '2023-10-29'),
(764, '290', 'Villanueva', 'Reynaldo ', 'Quizon ', '80', 'Multivitamins Syrup 60ml ', 'Bottles ', 1, '2023-10-29'),
(765, '291', 'Aquino', 'Ricardo ', 'Ramirez ', '80', 'Multivitamins Syrup 60ml ', 'Bottles ', 1, '2023-10-29'),
(766, '292', 'Cruz', 'Ricardo ', 'Roxas ', '80', 'Multivitamins Syrup 60ml ', 'Bottles ', 1, '2023-10-29'),
(767, '293', 'Villanueva', 'Ricardo ', 'Sarmiento ', '80', 'Multivitamins Syrup 60ml ', 'Bottles ', 1, '2023-10-29'),
(768, '294', 'Tan', 'Rizal ', 'Serrano ', '80', 'Multivitamins Syrup 60ml ', 'Bottles ', 1, '2023-10-29'),
(769, '295', 'Lim', 'Roberto ', 'Solis ', '80', 'Multivitamins Syrup 60ml ', 'Bottles ', 1, '2023-10-29'),
(770, '296', 'Rodriguez', 'Roberto ', 'Tadeo ', '80', 'Multivitamins Syrup 60ml ', 'Bottles ', 1, '2023-10-29'),
(771, '297', 'Santos', 'Roberto ', 'Tan ', '80', 'Multivitamins Syrup 60ml ', 'Bottles ', 1, '2023-10-29'),
(772, '298', 'Santos', 'Roderick ', 'Uriarte ', '80', 'Multivitamins Syrup 60ml ', '', 1, '2023-10-29'),
(773, '299', 'Lim', 'Rodolfo ', 'Villanueva ', '80', 'Multivitamins Syrup 60ml ', 'Bottles ', 1, '2023-10-29'),
(774, '300', 'Perez', 'Rodolfo ', 'Yabut ', '80', 'Multivitamins Syrup 60ml ', 'Bottles ', 1, '2023-10-29'),
(775, '301', 'Ramos', 'Rodolfo ', 'Zabala ', '80', 'Multivitamins Syrup 60ml ', 'Bottles ', 1, '2023-10-29'),
(776, '302', 'Aquino', 'Rodrigo ', 'Reyes ', '80', 'Multivitamins Syrup 60ml ', 'Bottles ', 1, '2023-10-29'),
(777, '303', 'Villanueva', 'Rodrigo ', 'Dela Cruz ', '80', 'Multivitamins Syrup 60ml ', 'Bottles ', 1, '2023-10-29'),
(778, '304', 'Lim', 'Roel ', 'Santos ', '80', 'Multivitamins Syrup 60ml ', 'Bottles ', 1, '2023-10-29'),
(779, '305', 'Magno', 'Rogelio ', 'Cruz ', '80', 'Multivitamins Syrup 60ml ', 'Bottles ', 1, '2023-10-29'),
(780, '306', 'Santos', 'Rogelio ', 'Gonzales ', '80', 'Multivitamins Syrup 60ml ', 'Bottles ', 1, '2023-10-29'),
(781, '307', 'Santos', 'Rogelio ', 'Bautista ', '80', 'Multivitamins Syrup 60ml ', 'Bottles ', 1, '2023-10-29'),
(782, '308', 'Dela Cruz', 'Rolando ', 'Lim ', '80', 'Multivitamins Syrup 60ml ', 'Bottles ', 1, '2023-10-29'),
(783, '309', 'Perez', 'Romeo ', 'Fernandez ', '80', 'Multivitamins Syrup 60ml ', 'Bottles ', 1, '2023-10-29'),
(784, '310', 'Perez', 'Romeo ', 'Aquino ', '80', 'Multivitamins Syrup 60ml ', 'Bottles ', 1, '2023-10-29'),
(785, '311', 'Lim', 'Rommel ', 'Magno ', '80', 'Multivitamins Syrup 60ml ', 'Bottles ', 1, '2023-10-29'),
(786, '312', 'Aquino', 'Romulo ', 'Sison ', '80', 'Multivitamins Syrup 60ml ', 'Bottles ', 1, '2023-10-29'),
(787, '313', 'Perez', 'Ronaldo ', 'De Guzman ', '80', 'Multivitamins Syrup 60ml ', 'Bottles ', 1, '2023-10-29'),
(788, '314', 'Gonzales', 'Rosa ', 'Abad ', '80', 'Multivitamins Syrup 60ml ', 'Bottles ', 1, '2023-10-29'),
(789, '315', 'Cruz', 'Rosalinda ', 'Alonzo ', '80', 'Multivitamins Syrup 60ml ', 'Bottles ', 1, '2023-10-29'),
(790, '316', 'Garcia', 'Rosalinda ', 'Alvaro ', '80', 'Multivitamins Syrup 60ml ', 'Bottles ', 1, '2023-10-29'),
(791, '317', 'Gonzales', 'Rosalinda ', 'Balagtas ', '80', 'Multivitamins Syrup 60ml ', 'Bottles ', 1, '2023-10-29'),
(792, '318', 'Ocampo', 'Rosalinda ', 'Baltazar ', '80', 'Multivitamins Syrup 60ml ', 'Bottles ', 1, '2023-10-29'),
(793, '319', 'Cruz', 'Rosario ', 'Banaag ', '80', 'Multivitamins Syrup 60ml ', 'Bottles ', 1, '2023-10-29'),
(794, '320', 'Reyes', 'Rosario ', 'Caballero ', '80', 'Multivitamins Syrup 60ml ', 'Bottles ', 1, '2023-10-29'),
(795, '321', 'Gonzales', 'Rosita ', 'Canlas ', '80', 'Multivitamins Syrup 60ml ', 'Bottles ', 1, '2023-10-29'),
(796, '322', 'Lim', 'Ruben ', 'Casumpang ', '80', 'Multivitamins Syrup 60ml ', 'Bottles ', 1, '2023-10-29'),
(797, '323', 'Reyes', 'Ruben ', 'Dayrit ', '80', 'Multivitamins Syrup 60ml ', 'Bottles ', 1, '2023-10-29'),
(798, '324', 'Tan', 'Ruby ', 'Dimaculangan ', '80', 'Multivitamins Syrup 60ml ', 'Bottles ', 1, '2023-10-29'),
(799, '325', 'dela Cruz', 'Salvador ', 'Enriquez ', '80', 'Multivitamins Syrup 60ml ', 'Bottles ', 1, '2023-10-29'),
(800, '326', 'Ramos', 'Santiago ', 'Fabian ', '80', 'Multivitamins Syrup 60ml ', 'Bottles ', 1, '2023-10-29'),
(801, '327', 'Del Rosario', 'Socorro ', 'Gabon ', '80', 'Multivitamins Syrup 60ml ', 'Bottles ', 1, '2023-10-29'),
(802, '328', 'Tan', 'Sofia ', 'Herrera ', '80', 'Multivitamins Syrup 60ml ', 'Bottles ', 1, '2023-10-29'),
(803, '329', 'Garcia', 'Teodoro ', 'Javellana ', '80', 'Multivitamins Syrup 60ml ', 'Bottles ', 1, '2023-10-29'),
(804, '330', 'Lim', 'Teofilo ', 'Jimenez ', '80', 'Multivitamins Syrup 60ml ', 'Bottles ', 1, '2023-10-29'),
(805, '331', 'Lee', 'Teresa ', 'Lao ', '80', 'Multivitamins Syrup 60ml ', 'Bottles ', 1, '2023-10-29'),
(806, '332', 'Rodriguez', 'Teresa ', 'Lorenzo ', '80', 'Multivitamins Syrup 60ml ', 'Bottles ', 1, '2023-10-29'),
(807, '333', 'Santos', 'Teresa ', 'Macapagal ', '80', 'Multivitamins Syrup 60ml ', 'Bottles ', 1, '2023-10-29'),
(808, '334', 'Cruz', 'Teresita ', 'Marcelo ', '80', 'Multivitamins Syrup 60ml ', 'Bottles ', 1, '2023-10-29'),
(809, '335', 'Yu', 'Teresita ', 'Montalban ', '80', 'Multivitamins Syrup 60ml ', 'Bottles ', 1, '2023-10-29'),
(810, '336', 'Garcia', 'Tomas ', 'Navarro ', '80', 'Multivitamins Syrup 60ml ', 'Bottles ', 1, '2023-10-29'),
(811, '337', 'Reyes', 'Vanessa ', 'Ocampo ', '80', 'Multivitamins Syrup 60ml ', 'Bottles ', 1, '2023-10-29'),
(812, '338', 'Garcia', 'Veronica ', 'Padilla ', '80', 'Multivitamins Syrup 60ml ', 'Bottles ', 1, '2023-10-29'),
(813, '339', 'Torres', 'Veronica ', 'Perez ', '80', 'Multivitamins Syrup 60ml ', 'Bottles ', 1, '2023-10-29'),
(814, '340', 'Aquino', 'Victor ', 'Quizon ', '80', 'Multivitamins Syrup 60ml ', 'Bottles ', 1, '2023-10-29'),
(815, '341', 'De Guzman', 'Victor ', 'Ramirez ', '80', 'Multivitamins Syrup 60ml ', 'Bottles ', 1, '2023-10-29'),
(816, '342', 'Perez', 'Victor ', 'Roxas ', '80', 'Multivitamins Syrup 60ml ', 'Bottles ', 1, '2023-10-29'),
(817, '343', 'Valdez', 'Victor ', 'Sarmiento ', '80', 'Multivitamins Syrup 60ml ', 'Bottles ', 1, '2023-10-29'),
(818, '344', 'Santos', 'Victoria ', 'Serrano ', '80', 'Multivitamins Syrup 60ml ', 'Bottles ', 1, '2023-10-29'),
(819, '345', 'dela Cruz', 'Virgilio ', 'Solis ', '80', 'Multivitamins Syrup 60ml ', 'Bottles ', 1, '2023-10-29'),
(820, '346', 'Gonzales', 'Yolanda ', 'Tadeo ', '80', 'Multivitamins Syrup 60ml ', 'Bottles ', 1, '2023-10-29'),
(821, '347', 'Rodriguez', 'Yolanda ', 'Tan ', '80', 'Multivitamins Syrup 60ml ', 'Bottles ', 1, '2023-10-29'),
(822, '348', 'Santos', 'Yolanda ', 'Uriarte ', '80', 'Multivitamins Syrup 60ml ', 'Bottles ', 1, '2023-10-29'),
(823, '2', 'Dela Calzada', 'Agnes ', 'Reyes ', '69', 'Birth Control Patch ', 'Boxes ', 1, '2023-10-29'),
(824, '3', 'Sison', 'Agnes ', 'Dela Cruz ', '69', 'Birth Control Patch ', 'Boxes ', 1, '2023-10-29'),
(825, '4', 'Reyes', 'Agustin ', 'Santos ', '77', 'Spermicide ', 'Bottles ', 1, '2023-10-29'),
(826, '5', 'Lim', 'Alberto ', 'Cruz ', '77', 'Spermicide ', 'Bottles ', 1, '2023-10-29'),
(827, '6', 'Reyes', 'Alberto ', 'Gonzales ', '77', 'Spermicide ', 'Bottles ', 1, '2023-10-29'),
(828, '7', 'Santos', 'Alberto ', 'Bautista ', '77', 'Spermicide ', 'Bottles ', 1, '2023-10-29'),
(829, '8', 'Villanueva', 'Alberto ', 'Lim ', '77', 'Spermicide ', 'Bottles ', 1, '2023-10-29'),
(830, '9', 'Villanueva', 'Alejandro ', 'Fernandez ', '77', 'Spermicide ', 'Bottles ', 1, '2023-10-29'),
(831, '10', 'De Guia', 'Alexander ', 'Aquino ', '77', 'Spermicide ', 'Bottles ', 1, '2023-10-29'),
(832, '11', 'Dela Cruz', 'Alfonso ', 'Magno ', '77', 'Spermicide ', 'Bottles ', 1, '2023-10-29'),
(833, '12', 'Santos', 'Alfredo ', 'Sison ', '77', 'Spermicide ', 'Bottles ', 1, '2023-10-29'),
(834, '13', 'Gonzales', 'Alma ', 'De Guzman ', '85', 'Robitussin Cough ', 'Bottles ', 1, '2023-10-29'),
(835, '14', 'Ong', 'Alma ', 'Abad ', '85', 'Robitussin Cough ', 'Bottles ', 1, '2023-10-29'),
(836, '15', 'dela Cruz', 'Amelia ', 'Alonzo ', '85', 'Robitussin Cough ', 'Bottles ', 1, '2023-10-29'),
(837, '16', 'Hernandez', 'Amelia ', 'Alvaro ', '85', 'Robitussin Cough ', 'Bottles ', 1, '2023-10-29'),
(838, '17', 'Reyes', 'Amelia ', 'Balagtas ', '85', 'Robitussin Cough ', 'Bottles ', 1, '2023-10-29'),
(839, '18', 'Ang', 'Amelita ', 'Baltazar ', '85', 'Robitussin Cough ', 'Bottles ', 1, '2023-10-29'),
(840, '19', 'Gonzales', 'Amelita ', 'Banaag ', '85', 'Robitussin Cough ', 'Bottles ', 1, '2023-10-29'),
(841, '20', 'Sison', 'Amparo ', 'Caballero ', '85', 'Robitussin Cough ', 'Bottles ', 1, '2023-10-29'),
(842, '21', 'Lim', 'Andres ', 'Canlas ', '65', 'Condoms ', 'Boxes ', 1, '2023-10-29'),
(843, '22', 'Lim', 'Andres ', 'Casumpang ', '65', 'Condoms ', 'Boxes ', 1, '2023-10-29'),
(844, '23', 'Ong', 'Andres ', 'Dayrit ', '65', 'Condoms ', 'Boxes ', 1, '2023-10-29'),
(845, '24', 'dela Cruz', 'Angel ', 'Dimaculangan ', '97', 'Amoxicillin Capsules 500mg ', 'Boxes ', 1, '2023-10-29'),
(846, '25', 'Hernandez', 'Angela ', 'Enriquez ', '97', 'Amoxicillin Capsules 500mg ', 'Boxes ', 1, '2023-10-29'),
(847, '26', 'Reyes', 'Angela ', 'Fabian ', '97', 'Amoxicillin Capsules 500mg ', 'Boxes ', 1, '2023-10-29'),
(848, '27', 'Reyes', 'Angela ', 'Gabon ', '97', 'Amoxicillin Capsules 500mg ', 'Boxes ', 1, '2023-10-29'),
(849, '28', 'Hernandez', 'Angeline ', 'Herrera ', '97', 'Amoxicillin Capsules 500mg ', 'Boxes ', 1, '2023-10-29'),
(850, '29', 'Tan', 'Angelito ', 'Javellana ', '97', 'Amoxicillin Capsules 500mg ', 'Boxes ', 1, '2023-10-29'),
(851, '30', 'Reyes', 'Anna ', 'Jimenez ', '97', 'Amoxicillin Capsules 500mg ', 'Boxes ', 1, '2023-10-29'),
(852, '31', 'Ramos', 'Antonio ', 'Lao ', '97', 'Amoxicillin Capsules 500mg ', 'Boxes ', 1, '2023-10-29'),
(853, '32', 'Reyes', 'Antonio ', 'Lorenzo ', '97', 'Amoxicillin Capsules 500mg ', 'Boxes ', 1, '2023-10-29'),
(854, '33', 'Santos', 'Antonio ', 'Macapagal ', '97', 'Amoxicillin Capsules 500mg ', 'Boxes ', 1, '2023-10-29'),
(855, '34', 'Cruz', 'Araceli ', 'Marcelo ', '97', 'Amoxicillin Capsules 500mg ', 'Boxes ', 1, '2023-10-29'),
(856, '35', 'Sison', 'Araceli ', 'Montalban ', '97', 'Amoxicillin Capsules 500mg ', 'Boxes ', 1, '2023-10-29'),
(857, '36', 'Abad', 'Arlene ', 'Navarro ', '97', 'Amoxicillin Capsules 500mg ', 'Boxes ', 1, '2023-10-29'),
(858, '37', 'Perez', 'Armando ', 'Ocampo ', '97', 'Amoxicillin Capsules 500mg ', 'Boxes ', 1, '2023-10-29'),
(859, '38', 'Santos', 'Armando ', 'Padilla ', '97', 'Amoxicillin Capsules 500mg ', 'Boxes ', 1, '2023-10-29'),
(860, '39', 'Rodriguez', 'Arnold ', 'Perez ', '97', 'Amoxicillin Capsules 500mg ', 'Boxes ', 1, '2023-10-29'),
(861, '40', 'Ramos', 'Arnulfo ', 'Quizon ', '97', 'Amoxicillin Capsules 500mg ', 'Boxes ', 1, '2023-10-29'),
(862, '41', 'Cruz', 'Asuncion ', 'Ramirez ', '80', 'Multivitamins Syrup 60ml ', 'Bottles ', 1, '2023-10-29'),
(863, '42', 'Cruz', 'Aurora ', 'Roxas ', '80', 'Multivitamins Syrup 60ml ', 'Bottles ', 1, '2023-10-29'),
(864, '43', 'Rivera', 'Aurora ', 'Sarmiento ', '80', 'Multivitamins Syrup 60ml ', 'Bottles ', 1, '2023-10-29'),
(865, '44', 'Torres', 'Aurora ', 'Serrano ', '80', 'Multivitamins Syrup 60ml ', 'Bottles ', 1, '2023-10-29'),
(866, '45', 'Sison', 'Beatriz ', 'Solis ', '80', 'Multivitamins Syrup 60ml ', 'Bottles ', 1, '2023-10-29'),
(867, '46', 'Torres', 'Belen ', 'Tadeo ', '80', 'Multivitamins Syrup 60ml ', 'Bottles ', 1, '2023-10-29'),
(868, '47', 'Hernandez', 'Belinda ', 'Tan ', '80', 'Multivitamins Syrup 60ml ', 'Bottles ', 1, '2023-10-29'),
(869, '48', 'Reyes', 'Benito ', 'Uriarte ', '80', 'Multivitamins Syrup 60ml ', 'Bottles ', 1, '2023-10-29'),
(870, '49', 'Santos', 'Benito ', 'Villanueva ', '80', 'Multivitamins Syrup 60ml ', 'Bottles ', 1, '2023-10-29'),
(871, '50', 'Lim', 'Benjamin ', 'Yabut ', '80', 'Multivitamins Syrup 60ml ', 'Bottles ', 1, '2023-10-29'),
(872, '51', 'Santos', 'Bernadette ', 'Zabala ', '80', 'Multivitamins Syrup 60ml ', 'Bottles ', 1, '2023-10-29'),
(873, '52', 'Cruz', 'Bernardo ', 'Reyes ', '80', 'Multivitamins Syrup 60ml ', 'Bottles ', 1, '2023-10-29'),
(874, '53', 'Dela Rosa', 'Bernardo ', 'Dela Cruz ', '80', 'Multivitamins Syrup 60ml ', 'Bottles ', 1, '2023-10-29'),
(875, '54', 'Villanueva', 'Bernardo ', 'Santos ', '80', 'Multivitamins Syrup 60ml ', 'Bottles ', 1, '2023-10-29'),
(876, '55', 'Ramos', 'Bonifacio ', 'Cruz ', '15', 'Robitussin Cough ', 'Bottles ', 1, '2023-10-29'),
(877, '56', 'Tan', 'Bonifacio ', 'Gonzales ', '15', 'Robitussin Cough ', 'Bottles ', 1, '2023-10-29'),
(878, '57', 'Fernandez', 'Carlos ', 'Bautista ', '15', 'Robitussin Cough ', 'Bottles ', 1, '2023-10-29'),
(879, '58', 'Garcia', 'Carlos ', 'Lim ', '15', 'Robitussin Cough ', 'Bottles ', 1, '2023-10-29'),
(880, '59', 'Reyes', 'Carmen ', 'Fernandez ', '15', 'Robitussin Cough ', 'Bottles ', 1, '2023-10-29'),
(881, '60', 'Santos', 'Carmen ', 'Aquino ', '15', 'Robitussin Cough ', 'Bottles ', 1, '2023-10-29'),
(882, '61', 'Solis', 'Carmen ', 'Magno ', '81', 'Paracetamol Tablets 500mg ', 'Boxes ', 1, '2023-10-29'),
(883, '62', 'dela Cruz', 'Carolina ', 'Sison ', '81', 'Paracetamol Tablets 500mg ', 'Boxes ', 1, '2023-10-29'),
(884, '63', 'Hernandez', 'Cecilia ', 'De Guzman ', '81', 'Paracetamol Tablets 500mg ', 'Boxes ', 1, '2023-10-29'),
(885, '64', 'Perez', 'Cecilia ', 'Abad ', '81', 'Paracetamol Tablets 500mg ', 'Boxes ', 1, '2023-10-29'),
(886, '65', 'Gonzales', 'Celeste ', 'Alonzo ', '81', 'Paracetamol Tablets 500mg ', 'Boxes ', 1, '2023-10-29'),
(887, '66', 'Ramos', 'Celestino ', 'Alvaro ', '81', 'Paracetamol Tablets 500mg ', 'Boxes ', 1, '2023-10-29'),
(888, '67', 'Villanueva', 'Cesar ', 'Balagtas ', '81', 'Paracetamol Tablets 500mg ', 'Boxes ', 1, '2023-10-29'),
(889, '68', 'Tan', 'Clarissa ', 'Baltazar ', '81', 'Paracetamol Tablets 500mg ', 'Boxes ', 1, '2023-10-29'),
(890, '69', 'Santos', 'Clarita ', 'Banaag ', '81', 'Paracetamol Tablets 500mg ', 'Boxes ', 1, '2023-10-29'),
(891, '70', 'Lim', 'Claro ', 'Caballero ', '81', 'Paracetamol Tablets 500mg ', 'Boxes ', 1, '2023-10-29'),
(892, '71', 'Hernandez', 'Conchita ', 'Canlas ', '81', 'Paracetamol Tablets 500mg ', 'Boxes ', 1, '2023-10-29'),
(893, '72', 'Cruz', 'Consuelo ', 'Casumpang ', '81', 'Paracetamol Tablets 500mg ', 'Boxes ', 1, '2023-10-29'),
(894, '73', 'Cruz', 'Consuelo ', 'Dayrit ', '81', 'Paracetamol Tablets 500mg ', 'Boxes ', 1, '2023-10-29'),
(895, '74', 'Torres', 'Corazon ', 'Dimaculangan ', '81', 'Paracetamol Tablets 500mg ', 'Boxes ', 1, '2023-10-29'),
(896, '75', 'Reyes', 'Cristina ', 'Enriquez ', '81', 'Paracetamol Tablets 500mg ', 'Boxes ', 1, '2023-10-29'),
(897, '76', 'Tan', 'Cynthia ', 'Fabian ', '81', 'Paracetamol Tablets 500mg ', 'Boxes ', 1, '2023-10-29'),
(898, '77', 'Santos', 'Daisy ', 'Gabon ', '81', 'Paracetamol Tablets 500mg ', 'Boxes ', 1, '2023-10-29'),
(899, '78', 'Rodriguez', 'Diana ', 'Herrera ', '81', 'Paracetamol Tablets 500mg ', 'Boxes ', 1, '2023-10-29'),
(900, '79', 'Santos', 'Dionisio ', 'Javellana ', '81', 'Paracetamol Tablets 500mg ', 'Boxes ', 1, '2023-10-29'),
(901, '80', 'Aquino', 'Divina ', 'Jimenez ', '81', 'Paracetamol Tablets 500mg ', 'Boxes ', 1, '2023-10-29'),
(902, '81', 'Cruz', 'Divina ', 'Lao ', '81', 'Paracetamol Tablets 500mg ', 'Boxes ', 1, '2023-10-29'),
(903, '82', 'Tan', 'Dolores ', 'Lorenzo ', '81', 'Paracetamol Tablets 500mg ', 'Boxes ', 1, '2023-10-29'),
(904, '83', 'Perez', 'Edgardo ', 'Macapagal ', '81', 'Paracetamol Tablets 500mg ', 'Boxes ', 1, '2023-10-29'),
(905, '84', 'Reyes', 'Edgardo ', 'Marcelo ', '81', 'Paracetamol Tablets 500mg ', 'Boxes ', 1, '2023-10-29'),
(906, '85', 'Abad', 'Edna ', 'Montalban ', '81', 'Paracetamol Tablets 500mg ', 'Boxes ', 1, '2023-10-29'),
(907, '86', 'Mendoza', 'Edna ', 'Navarro ', '81', 'Paracetamol Tablets 500mg ', 'Boxes ', 1, '2023-10-29'),
(908, '87', 'Reyes', 'Edna ', 'Ocampo ', '81', 'Paracetamol Tablets 500mg ', 'Boxes ', 1, '2023-10-29'),
(909, '88', 'Aquino', 'Eduardo ', 'Padilla ', '81', 'Paracetamol Tablets 500mg ', 'Boxes ', 1, '2023-10-29'),
(910, '89', 'Castillo', 'Eduardo ', 'Perez ', '81', 'Paracetamol Tablets 500mg ', 'Boxes ', 1, '2023-10-29'),
(911, '90', 'Cruz', 'Eduardo ', 'Quizon ', '81', 'Paracetamol Tablets 500mg ', 'Boxes ', 1, '2023-10-29'),
(912, '91', 'Reyes', 'Eduardo ', 'Ramirez ', '81', 'Paracetamol Tablets 500mg ', 'Boxes ', 1, '2023-10-29'),
(913, '92', 'Reyes', 'Eduardo ', 'Roxas ', '81', 'Paracetamol Tablets 500mg ', 'Boxes ', 1, '2023-10-29'),
(914, '93', 'Sy', 'Edwin ', 'Sarmiento ', '81', 'Paracetamol Tablets 500mg ', 'Boxes ', 1, '2023-10-29'),
(915, '94', 'Aquino', 'Efren ', 'Serrano ', '81', 'Paracetamol Tablets 500mg ', 'Boxes ', 1, '2023-10-29'),
(916, '95', 'Magno', 'Elaine ', 'Solis ', '81', 'Paracetamol Tablets 500mg ', 'Boxes ', 1, '2023-10-29'),
(917, '96', 'Tan', 'Eleanor ', 'Tadeo ', '81', 'Paracetamol Tablets 500mg ', 'Boxes ', 1, '2023-10-29'),
(918, '97', 'Torres', 'Elena ', 'Tan ', '81', 'Paracetamol Tablets 500mg ', 'Boxes ', 1, '2023-10-29'),
(919, '98', 'Ramos', 'Eleuterio ', 'Uriarte ', '81', 'Paracetamol Tablets 500mg ', 'Boxes ', 1, '2023-10-29'),
(920, '99', 'Santos', 'Elmer ', 'Villanueva ', '12', 'Mefenamic Acid Capsules 250mg ', 'Boxes ', 1, '2023-10-29'),
(921, '100', 'Aquino', 'Emil ', 'Yabut ', '12', 'Mefenamic Acid Capsules 250mg ', 'Boxes ', 1, '2023-10-29'),
(922, '101', 'Cruz', 'Emiliano ', 'Zabala ', '12', 'Mefenamic Acid Capsules 250mg ', 'Boxes ', 1, '2023-10-29'),
(923, '102', 'Yu', 'Emiliano ', 'Reyes ', '12', 'Mefenamic Acid Capsules 250mg ', 'Boxes ', 1, '2023-10-29'),
(924, '103', 'Aquino', 'Emilio ', 'Dela Cruz ', '12', 'Mefenamic Acid Capsules 250mg ', 'Boxes ', 1, '2023-10-29'),
(925, '104', 'Perez', 'Emmanuel ', 'Santos ', '12', 'Mefenamic Acid Capsules 250mg ', 'Boxes ', 1, '2023-10-29'),
(926, '105', 'Villanueva', 'Enrique ', 'Cruz ', '12', 'Mefenamic Acid Capsules 250mg ', 'Boxes ', 1, '2023-10-29'),
(927, '106', 'Rodriguez', 'Erlinda ', 'Gonzales ', '12', 'Mefenamic Acid Capsules 250mg ', 'Boxes ', 1, '2023-10-29'),
(928, '107', 'dela Cruz', 'Ernest ', 'Bautista ', '12', 'Mefenamic Acid Capsules 250mg ', 'Boxes ', 1, '2023-10-29'),
(929, '108', 'Aquino', 'Ernesto ', 'Lim ', '65', 'Condoms ', 'Boxes ', 1, '2023-10-29'),
(930, '109', 'Rodriguez', 'Esperanza ', 'Fernandez ', '3', 'Intrauterine Device (IUD) ', 'Pcs ', 1, '2023-10-29'),
(931, '110', 'Tan', 'Esperanza ', 'Aquino ', '3', 'Intrauterine Device (IUD) ', 'Pcs ', 1, '2023-10-29'),
(932, '111', 'Tan', 'Esperanza ', 'Magno ', '3', 'Intrauterine Device (IUD) ', 'Pcs ', 1, '2023-10-29'),
(933, '112', 'Ramos', 'Esteban ', 'Sison ', '65', 'Condoms ', 'Boxes ', 1, '2023-10-29'),
(934, '113', 'Chua', 'Estela ', 'De Guzman ', '3', 'Intrauterine Device (IUD) ', 'Pcs ', 1, '2023-10-29'),
(935, '114', 'Hernandez', 'Estela ', 'Abad ', '3', 'Intrauterine Device (IUD) ', 'Pcs ', 1, '2023-10-29'),
(936, '115', 'Abad', 'Ester ', 'Alonzo ', '5', 'Condoms ', 'Boxes ', 1, '2023-10-29'),
(937, '116', 'Gonzales', 'Eugenio ', 'Alvaro ', '65', 'Condoms ', 'Boxes ', 1, '2023-10-29'),
(938, '117', 'Perez', 'Evelyn ', 'Balagtas ', '66', 'Birth Control Pills ', 'Boxes ', 1, '2023-10-29'),
(939, '118', 'Abad', 'Fatima ', 'Baltazar ', '66', 'Birth Control Pills ', 'Boxes ', 1, '2023-10-29'),
(940, '119', 'Aquino', 'Federico ', 'Banaag ', '80', 'Multivitamins Syrup 60ml ', 'Bottles ', 1, '2023-10-29'),
(941, '120', 'Cruz', 'Federico ', 'Caballero ', '80', 'Multivitamins Syrup 60ml ', 'Bottles ', 1, '2023-10-29'),
(942, '121', 'Lim', 'Feliciano ', 'Canlas ', '80', 'Multivitamins Syrup 60ml ', 'Bottles ', 1, '2023-10-29'),
(943, '122', 'Rodriguez', 'Ferdinand ', 'Casumpang ', '80', 'Multivitamins Syrup 60ml ', 'Bottles ', 1, '2023-10-29'),
(944, '123', 'Santos', 'Ferdinand ', 'Dayrit ', '80', 'Multivitamins Syrup 60ml ', 'Bottles ', 1, '2023-10-29'),
(945, '124', 'Perez', 'Fernando ', 'Dimaculangan ', '80', 'Multivitamins Syrup 60ml ', 'Bottles ', 1, '2023-10-29'),
(946, '125', 'Ramos', 'Fernando ', 'Enriquez ', '80', 'Multivitamins Syrup 60ml ', 'Bottles ', 1, '2023-10-29'),
(947, '126', 'Cruz', 'Francisco ', 'Fabian ', '80', 'Multivitamins Syrup 60ml ', 'Bottles ', 1, '2023-10-29'),
(948, '127', 'Cruz', 'Francisco ', 'Gabon ', '80', 'Multivitamins Syrup 60ml ', 'Bottles ', 1, '2023-10-29'),
(949, '128', 'dela Cruz', 'Gabriel ', 'Herrera ', '80', 'Multivitamins Syrup 60ml ', 'Bottles ', 1, '2023-10-29'),
(950, '129', 'dela Cruz', 'Gerardo ', 'Javellana ', '80', 'Multivitamins Syrup 60ml ', 'Bottles ', 1, '2023-10-29'),
(951, '130', 'Villanueva', 'Gilbert ', 'Jimenez ', '80', 'Multivitamins Syrup 60ml ', 'Bottles ', 1, '2023-10-29'),
(952, '131', 'Cruz', 'Gilberto ', 'Lao ', '80', 'Multivitamins Syrup 60ml ', 'Bottles ', 1, '2023-10-29'),
(953, '132', 'Hernandez', 'Gilda ', 'Lorenzo ', '66', 'Birth Control Pills ', 'Boxes ', 1, '2023-10-29'),
(954, '133', 'Cruz', 'Gina ', 'Macapagal ', '66', 'Birth Control Pills ', 'Boxes ', 1, '2023-10-29'),
(955, '134', 'Flores', 'Giselle ', 'Marcelo ', '66', 'Birth Control Pills ', 'Boxes ', 1, '2023-10-29'),
(956, '135', 'Rodriguez', 'Giselle ', 'Montalban ', '66', 'Birth Control Pills ', 'Boxes ', 1, '2023-10-29'),
(957, '136', 'Solis', 'Glenda ', 'Navarro ', '66', 'Birth Control Pills ', 'Boxes ', 1, '2023-10-29'),
(958, '137', 'Sy', 'Grace ', 'Ocampo ', '66', 'Birth Control Pills ', 'Boxes ', 1, '2023-10-29'),
(959, '138', 'Cruz', 'Gregorio ', 'Padilla ', '80', 'Multivitamins Syrup 60ml ', 'Bottles ', 1, '2023-10-29'),
(960, '139', 'Ramos', 'Gregorio ', 'Perez ', '80', 'Multivitamins Syrup 60ml ', 'Bottles ', 1, '2023-10-29'),
(961, '140', 'Reyes', 'Gregorio ', 'Quizon ', '80', 'Multivitamins Syrup 60ml ', 'Bottles ', 1, '2023-10-29'),
(962, '141', 'Torres', 'Guadalupe ', 'Ramirez ', '80', 'Multivitamins Syrup 60ml ', 'Bottles ', 1, '2023-10-29'),
(963, '142', 'Sison', 'Guia ', 'Roxas ', '80', 'Multivitamins Syrup 60ml ', 'Bottles ', 1, '2023-10-29'),
(964, '143', 'dela Cruz', 'Guillermo ', 'Sarmiento ', '80', 'Multivitamins Syrup 60ml ', 'Bottles ', 1, '2023-10-29'),
(965, '144', 'Perez', 'Guillermo ', 'Serrano ', '80', 'Multivitamins Syrup 60ml ', 'Bottles ', 1, '2023-10-29'),
(966, '145', 'Yu', 'Guillermo ', 'Solis ', '80', 'Multivitamins Syrup 60ml ', 'Bottles ', 1, '2023-10-29'),
(967, '146', 'Rodriguez', 'Hector ', 'Tadeo ', '80', 'Multivitamins Syrup 60ml ', 'Bottles ', 1, '2023-10-29'),
(968, '147', 'Garcia', 'Hermogenes ', 'Tan ', '80', 'Multivitamins Syrup 60ml ', 'Bottles ', 1, '2023-10-29'),
(969, '148', 'Gonzales', 'Imee ', 'Uriarte ', '66', 'Birth Control Pills ', 'Boxes ', 1, '2023-10-29'),
(970, '149', 'Rodriguez', 'Imelda ', 'Villanueva ', '66', 'Birth Control Pills ', 'Boxes ', 1, '2023-10-29'),
(971, '150', 'Sison', 'Imelda ', 'Yabut ', '66', 'Birth Control Pills ', 'Boxes ', 1, '2023-10-29'),
(972, '151', 'Torres', 'Imelda ', 'Zabala ', '66', 'Birth Control Pills ', 'Boxes ', 1, '2023-10-29'),
(973, '152', 'Reyes', 'Isabel ', 'Reyes ', '66', 'Birth Control Pills ', 'Boxes ', 1, '2023-10-29'),
(974, '153', 'Cruz', 'Isabelita ', 'Dela Cruz ', '66', 'Birth Control Pills ', 'Boxes ', 1, '2023-10-29'),
(975, '154', 'Gonzales', 'Isabella ', 'Santos ', '66', 'Birth Control Pills ', 'Boxes ', 1, '2023-10-29'),
(976, '155', 'Reyes', 'Isagani ', 'Cruz ', '83', 'Ascorbic Acid (Vitamin C) Tablets 1000mg ', 'Boxes ', 1, '2023-10-29'),
(977, '156', 'Ramos', 'Isidro ', 'Gonzales ', '83', 'Ascorbic Acid (Vitamin C) Tablets 1000mg ', 'Boxes ', 1, '2023-10-29'),
(978, '157', 'Villanueva', 'Isidro ', 'Bautista ', '83', 'Ascorbic Acid (Vitamin C) Tablets 1000mg ', 'Boxes ', 1, '2023-10-29'),
(979, '158', 'Cruz', 'Jaime ', 'Lim ', '83', 'Ascorbic Acid (Vitamin C) Tablets 1000mg ', 'Boxes ', 1, '2023-10-29'),
(980, '159', 'Lim', 'Jaime ', 'Fernandez ', '83', 'Ascorbic Acid (Vitamin C) Tablets 1000mg ', 'Boxes ', 1, '2023-10-29'),
(981, '160', 'Reyes', 'Jaime ', 'Aquino ', '83', 'Ascorbic Acid (Vitamin C) Tablets 1000mg ', 'Boxes ', 1, '2023-10-29'),
(982, '161', 'Garcia', 'Jesus ', 'Magno ', '83', 'Ascorbic Acid (Vitamin C) Tablets 1000mg ', 'Boxes ', 1, '2023-10-29'),
(983, '162', 'Lim', 'Jocelyn ', 'Sison ', '83', 'Ascorbic Acid (Vitamin C) Tablets 1000mg ', 'Boxes ', 1, '2023-10-29'),
(984, '163', 'Ocampo', 'Jocelyn ', 'De Guzman ', '83', 'Ascorbic Acid (Vitamin C) Tablets 1000mg ', 'Boxes ', 1, '2023-10-29'),
(985, '164', 'Aquino', 'Jose ', 'Abad ', '83', 'Ascorbic Acid (Vitamin C) Tablets 1000mg ', 'Boxes ', 1, '2023-10-29'),
(986, '165', 'Cruz', 'Jose ', 'Alonzo ', '83', 'Ascorbic Acid (Vitamin C) Tablets 1000mg ', 'Boxes ', 1, '2023-10-29'),
(987, '166', 'De Guzman', 'Jose ', 'Alvaro ', '83', 'Ascorbic Acid (Vitamin C) Tablets 1000mg ', 'Boxes ', 1, '2023-10-29'),
(988, '167', 'Lim', 'Jose ', 'Balagtas ', '83', 'Ascorbic Acid (Vitamin C) Tablets 1000mg ', 'Boxes ', 1, '2023-10-29'),
(989, '168', 'Reyes', 'Jose ', 'Baltazar ', '83', 'Ascorbic Acid (Vitamin C) Tablets 1000mg ', 'Boxes ', 1, '2023-10-29'),
(990, '169', 'Santos', 'Josefa ', 'Banaag ', '83', 'Ascorbic Acid (Vitamin C) Tablets 1000mg ', 'Boxes ', 1, '2023-10-29'),
(991, '170', 'Abad', 'Josefina ', 'Caballero ', '71', 'Birth Control Shot (Depo-Provera) ', 'Bottles ', 1, '2023-10-29'),
(992, '171', 'Cruz', 'Josefina ', 'Canlas ', '71', 'Birth Control Shot (Depo-Provera) ', 'Bottles ', 1, '2023-10-29'),
(993, '172', 'Reyes', 'Josefina ', 'Casumpang ', '71', 'Birth Control Shot (Depo-Provera) ', 'Bottles ', 1, '2023-10-29'),
(994, '173', 'Rodriguez', 'Josefina ', 'Dayrit ', '71', 'Birth Control Shot (Depo-Provera) ', 'Bottles ', 1, '2023-10-29'),
(995, '174', 'Torres', 'Josefina ', 'Dimaculangan ', '71', 'Birth Control Shot (Depo-Provera) ', 'Bottles ', 1, '2023-10-29'),
(996, '175', 'Hernandez', 'Josephine ', 'Enriquez ', '71', 'Birth Control Shot (Depo-Provera) ', 'Bottles ', 1, '2023-10-29'),
(997, '176', 'Sison', 'Jovita ', 'Fabian ', '71', 'Birth Control Shot (Depo-Provera) ', 'Bottles ', 1, '2023-10-29'),
(998, '177', 'Ang', 'Joyce ', 'Gabon ', '71', 'Birth Control Shot (Depo-Provera) ', 'Bottles ', 1, '2023-10-29'),
(999, '178', 'dela Cruz', 'Juan ', 'Herrera ', '81', 'Paracetamol Tablets 500mg ', 'Boxes ', 1, '2023-10-29'),
(1000, '179', 'Santos', 'Juan ', 'Javellana ', '81', 'Paracetamol Tablets 500mg ', 'Boxes ', 1, '2023-10-29'),
(1001, '180', 'Santos', 'Juan ', 'Jimenez ', '81', 'Paracetamol Tablets 500mg ', 'Boxes ', 1, '2023-10-29'),
(1002, '181', 'dela Cruz', 'Juanita ', 'Lao ', '81', 'Paracetamol Tablets 500mg ', 'Boxes ', 1, '2023-10-29'),
(1003, '182', 'De Vera', 'Juanito ', 'Lorenzo ', '81', 'Paracetamol Tablets 500mg ', 'Boxes ', 1, '2023-10-29'),
(1004, '183', 'dela Cruz', 'Juanito ', 'Macapagal ', '81', 'Paracetamol Tablets 500mg ', 'Boxes ', 1, '2023-10-29'),
(1005, '184', 'Lim', 'Judith ', 'Marcelo ', '81', 'Paracetamol Tablets 500mg ', 'Boxes ', 1, '2023-10-29'),
(1006, '185', 'Rodriguez', 'Juliana ', 'Montalban ', '81', 'Paracetamol Tablets 500mg ', 'Boxes ', 1, '2023-10-29'),
(1007, '186', 'Castro', 'Julius ', 'Navarro ', '81', 'Paracetamol Tablets 500mg ', 'Boxes ', 1, '2023-10-29'),
(1008, '187', 'Lim', 'Lea ', 'Ocampo ', '81', 'Paracetamol Tablets 500mg ', 'Boxes ', 1, '2023-10-29'),
(1009, '188', 'Garcia', 'Leandro ', 'Padilla ', '81', 'Paracetamol Tablets 500mg ', 'Boxes ', 1, '2023-10-29'),
(1010, '189', 'Santos', 'Leo ', 'Perez ', '81', 'Paracetamol Tablets 500mg ', 'Boxes ', 1, '2023-10-29'),
(1011, '190', 'Ramos', 'Leon ', 'Quizon ', '81', 'Paracetamol Tablets 500mg ', 'Boxes ', 1, '2023-10-29'),
(1012, '191', 'Garcia', 'Leonardo ', 'Ramirez ', '81', 'Paracetamol Tablets 500mg ', 'Boxes ', 1, '2023-10-29'),
(1013, '192', 'Reyes', 'Leonardo ', 'Roxas ', '81', 'Paracetamol Tablets 500mg ', 'Boxes ', 1, '2023-10-29'),
(1014, '193', 'Cruz', 'Leonora ', 'Sarmiento ', '81', 'Paracetamol Tablets 500mg ', 'Boxes ', 1, '2023-10-29'),
(1015, '194', 'Ramos', 'Leonora ', 'Serrano ', '81', 'Paracetamol Tablets 500mg ', 'Boxes ', 1, '2023-10-29'),
(1016, '195', 'Tan', 'Leonora ', 'Solis ', '81', 'Paracetamol Tablets 500mg ', 'Boxes ', 1, '2023-10-29'),
(1017, '196', 'Aquino', 'Leopoldo ', 'Tadeo ', '81', 'Paracetamol Tablets 500mg ', 'Boxes ', 1, '2023-10-29'),
(1018, '197', 'Tan', 'Lilian ', 'Tan ', '81', 'Paracetamol Tablets 500mg ', 'Boxes ', 1, '2023-10-29'),
(1019, '198', 'Mendoza', 'Lorna ', 'Uriarte ', '81', 'Paracetamol Tablets 500mg ', 'Boxes ', 1, '2023-10-29'),
(1020, '199', 'Cruz', 'Lourdes ', 'Villanueva ', '81', 'Paracetamol Tablets 500mg ', 'Boxes ', 1, '2023-10-29'),
(1021, '200', 'Gonzales', 'Lourdes ', 'Yabut ', '81', 'Paracetamol Tablets 500mg ', 'Boxes ', 1, '2023-10-29'),
(1022, '201', 'Sison', 'Lourdes ', 'Zabala ', '81', 'Paracetamol Tablets 500mg ', 'Boxes ', 1, '2023-10-29'),
(1023, '202', 'Perez', 'Luis ', 'Reyes ', '81', 'Paracetamol Tablets 500mg ', 'Boxes ', 1, '2023-10-29'),
(1024, '203', 'Cruz', 'Luisito ', 'Dela Cruz ', '81', 'Paracetamol Tablets 500mg ', 'Boxes ', 1, '2023-10-29'),
(1025, '204', 'Abad', 'Luningning ', 'Santos ', '81', 'Paracetamol Tablets 500mg ', 'Boxes ', 1, '2023-10-29'),
(1026, '205', 'Chua', 'Luningning ', 'Cruz ', '81', 'Paracetamol Tablets 500mg ', 'Boxes ', 1, '2023-10-29'),
(1027, '206', 'Reyes', 'Luningning ', 'Gonzales ', '81', 'Paracetamol Tablets 500mg ', 'Boxes ', 1, '2023-10-29'),
(1028, '207', 'Sison', 'Luningning ', 'Bautista ', '81', 'Paracetamol Tablets 500mg ', 'Boxes ', 1, '2023-10-29'),
(1029, '208', 'Tan', 'Luningning ', 'Lim ', '81', 'Paracetamol Tablets 500mg ', 'Boxes ', 1, '2023-10-29'),
(1030, '209', 'Gonzales', 'Luz ', 'Fernandez ', '81', 'Paracetamol Tablets 500mg ', 'Boxes ', 1, '2023-10-29'),
(1031, '210', 'Sison', 'Luzviminda ', 'Aquino ', '81', 'Paracetamol Tablets 500mg ', 'Boxes ', 1, '2023-10-29'),
(1032, '211', 'Del Rosario', 'Manuel ', 'Magno ', '81', 'Paracetamol Tablets 500mg ', 'Boxes ', 1, '2023-10-29'),
(1033, '212', 'Garcia', 'Manuel ', 'Sison ', '81', 'Paracetamol Tablets 500mg ', 'Boxes ', 1, '2023-10-29'),
(1034, '213', 'Perez', 'Manuel ', 'De Guzman ', '81', 'Paracetamol Tablets 500mg ', 'Boxes ', 1, '2023-10-29'),
(1035, '214', 'Cruz', 'Manuelito ', 'Abad ', '81', 'Paracetamol Tablets 500mg ', 'Boxes ', 1, '2023-10-29'),
(1036, '215', 'Santos', 'Marcela ', 'Alonzo ', '81', 'Paracetamol Tablets 500mg ', 'Boxes ', 1, '2023-10-29'),
(1037, '216', 'Aquino', 'Marcelino ', 'Alvaro ', '81', 'Paracetamol Tablets 500mg ', 'Boxes ', 1, '2023-10-29'),
(1038, '217', 'Lim', 'Marcelo ', 'Balagtas ', '81', 'Paracetamol Tablets 500mg ', 'Boxes ', 1, '2023-10-29'),
(1039, '218', 'Abad', 'Margarita ', 'Baltazar ', '81', 'Paracetamol Tablets 500mg ', 'Boxes ', 1, '2023-10-29'),
(1040, '219', 'Dela Cruz', 'Maria ', 'Banaag ', '81', 'Paracetamol Tablets 500mg ', 'Boxes ', 1, '2023-10-29'),
(1041, '220', 'Santos', 'Maria ', 'Caballero ', '81', 'Paracetamol Tablets 500mg ', 'Boxes ', 1, '2023-10-29'),
(1042, '221', 'Torres', 'Maria ', 'Canlas ', '81', 'Paracetamol Tablets 500mg ', 'Boxes ', 1, '2023-10-29'),
(1043, '222', 'Santiago', 'Mariano ', 'Casumpang ', '81', 'Paracetamol Tablets 500mg ', 'Boxes ', 1, '2023-10-29'),
(1044, '223', 'Santos', 'Mariano ', 'Dayrit ', '81', 'Paracetamol Tablets 500mg ', 'Boxes ', 1, '2023-10-29'),
(1045, '224', 'Cruz', 'Maricel ', 'Dimaculangan ', '81', 'Paracetamol Tablets 500mg ', 'Boxes ', 1, '2023-10-29'),
(1046, '225', 'Ong', 'Maricris ', 'Enriquez ', '81', 'Paracetamol Tablets 500mg ', 'Boxes ', 1, '2023-10-29'),
(1047, '226', 'Cruz', 'Marilyn ', 'Fabian ', '81', 'Paracetamol Tablets 500mg ', 'Boxes ', 1, '2023-10-29'),
(1048, '227', 'Reyes', 'Marilyn ', 'Gabon ', '81', 'Paracetamol Tablets 500mg ', 'Boxes ', 1, '2023-10-29'),
(1049, '228', 'Abad', 'Marina ', 'Herrera ', '81', 'Paracetamol Tablets 500mg ', 'Boxes ', 1, '2023-10-29'),
(1050, '229', 'Tan', 'Marina ', 'Javellana ', '81', 'Paracetamol Tablets 500mg ', 'Boxes ', 1, '2023-10-29');
INSERT INTO `request_medicine` (`req_med_Id`, `residentId`, `lastName`, `firstName`, `middleName`, `productId`, `productName`, `unit`, `quantity_req`, `givenDate`) VALUES
(1051, '230', 'Reyes', 'Mario ', 'Jimenez ', '81', 'Paracetamol Tablets 500mg ', 'Boxes ', 1, '2023-10-29'),
(1052, '231', 'Gonzales', 'Marita ', 'Lao ', '81', 'Paracetamol Tablets 500mg ', 'Boxes ', 1, '2023-10-29'),
(1053, '232', 'Abad', 'Marites ', 'Lorenzo ', '81', 'Paracetamol Tablets 500mg ', 'Boxes ', 1, '2023-10-29'),
(1054, '233', 'Castro', 'Marites ', 'Macapagal ', '81', 'Paracetamol Tablets 500mg ', 'Boxes ', 1, '2023-10-29'),
(1055, '234', 'Tan', 'Marites ', 'Marcelo ', '81', 'Paracetamol Tablets 500mg ', 'Boxes ', 1, '2023-10-29'),
(1056, '235', 'Guevarra', 'Marlon ', 'Montalban ', '81', 'Paracetamol Tablets 500mg ', 'Boxes ', 1, '2023-10-29'),
(1057, '236', 'Rodriguez', 'Matilde ', 'Navarro ', '81', 'Paracetamol Tablets 500mg ', 'Boxes ', 1, '2023-10-29'),
(1058, '237', 'Torres', 'Matilde ', 'Ocampo ', '81', 'Paracetamol Tablets 500mg ', 'Boxes ', 1, '2023-10-29'),
(1059, '238', 'Cruz', 'Maximo ', 'Padilla ', '81', 'Paracetamol Tablets 500mg ', 'Boxes ', 1, '2023-10-29'),
(1060, '239', 'Reyes', 'Mayumi ', 'Perez ', '81', 'Paracetamol Tablets 500mg ', 'Boxes ', 1, '2023-10-29'),
(1061, '240', 'Chua', 'Melanie ', 'Quizon ', '81', 'Paracetamol Tablets 500mg ', 'Boxes ', 1, '2023-10-29'),
(1062, '241', 'Gonzales', 'Melinda ', 'Ramirez ', '81', 'Paracetamol Tablets 500mg ', 'Boxes ', 1, '2023-10-29'),
(1063, '242', 'Reyes', 'Melinda ', 'Roxas ', '81', 'Paracetamol Tablets 500mg ', 'Boxes ', 1, '2023-10-29'),
(1064, '243', 'Santos', 'Melinda ', 'Sarmiento ', '81', 'Paracetamol Tablets 500mg ', 'Boxes ', 1, '2023-10-29'),
(1065, '244', 'Reyes', 'Mercedes ', 'Serrano ', '81', 'Paracetamol Tablets 500mg ', 'Boxes ', 1, '2023-10-29'),
(1066, '245', 'Garcia', 'Miguel ', 'Solis ', '81', 'Paracetamol Tablets 500mg ', 'Boxes ', 1, '2023-10-29'),
(1067, '246', 'Villanueva', 'Miguel ', 'Tadeo ', '81', 'Paracetamol Tablets 500mg ', 'Boxes ', 1, '2023-10-29'),
(1068, '247', 'Hernandez', 'Milagros ', 'Tan ', '81', 'Paracetamol Tablets 500mg ', 'Boxes ', 1, '2023-10-29'),
(1069, '248', 'Torres', 'Milagros ', 'Uriarte ', '81', 'Paracetamol Tablets 500mg ', 'Boxes ', 1, '2023-10-29'),
(1070, '249', 'Lim', 'Myra ', 'Villanueva ', '81', 'Paracetamol Tablets 500mg ', 'Boxes ', 1, '2023-10-29'),
(1071, '250', 'Abad', 'Myrna ', 'Yabut ', '81', 'Paracetamol Tablets 500mg ', 'Boxes ', 1, '2023-10-29'),
(1072, '251', 'Cruz', 'Natividad ', 'Zabala ', '80', 'Multivitamins Syrup 60ml ', 'Bottles ', 1, '2023-10-29'),
(1073, '252', 'Santos', 'Natividad ', 'Reyes ', '80', 'Multivitamins Syrup 60ml ', 'Bottles ', 1, '2023-10-29'),
(1074, '253', 'Ramos', 'Nenita ', 'Dela Cruz ', '80', 'Multivitamins Syrup 60ml ', 'Bottles ', 1, '2023-10-29'),
(1075, '254', 'Rodriguez', 'Nenita ', 'Santos ', '80', 'Multivitamins Syrup 60ml ', 'Bottles ', 1, '2023-10-29'),
(1076, '255', 'Sison', 'Nenita ', 'Cruz ', '80', 'Multivitamins Syrup 60ml ', 'Bottles ', 1, '2023-10-29'),
(1077, '256', 'Castro', 'Nestor ', 'Gonzales ', '80', 'Multivitamins Syrup 60ml ', 'Bottles ', 1, '2023-10-29'),
(1078, '257', 'Perez', 'Nestor ', 'Bautista ', '80', 'Multivitamins Syrup 60ml ', 'Bottles ', 1, '2023-10-29'),
(1079, '258', 'Rodriguez', 'Nestor ', 'Lim ', '80', 'Multivitamins Syrup 60ml ', 'Bottles ', 1, '2023-10-29'),
(1080, '259', 'Garcia', 'Nicanor ', 'Fernandez ', '80', 'Multivitamins Syrup 60ml ', 'Bottles ', 1, '2023-10-29'),
(1081, '260', 'Lim', 'Noel ', 'Aquino ', '80', 'Multivitamins Syrup 60ml ', 'Bottles ', 1, '2023-10-29'),
(1082, '261', 'Reyes', 'Norma ', 'Magno ', '80', 'Multivitamins Syrup 60ml ', 'Bottles ', 1, '2023-10-29'),
(1083, '262', 'Hernandez', 'Ofelia ', 'Sison ', '80', 'Multivitamins Syrup 60ml ', 'Bottles ', 1, '2023-10-29'),
(1084, '263', 'Reyes', 'Orlando ', 'De Guzman ', '80', 'Multivitamins Syrup 60ml ', 'Bottles ', 1, '2023-10-29'),
(1085, '264', 'Reyes', 'Orlando ', 'Abad ', '80', 'Multivitamins Syrup 60ml ', 'Bottles ', 1, '2023-10-29'),
(1086, '265', 'Santos', 'Orlando ', 'Alonzo ', '80', 'Multivitamins Syrup 60ml ', 'Bottles ', 1, '2023-10-29'),
(1087, '266', 'Tan', 'Orlando ', 'Alvaro ', '80', 'Multivitamins Syrup 60ml ', 'Bottles ', 1, '2023-10-29'),
(1088, '267', 'dela Cruz', 'Pablo ', 'Balagtas ', '80', 'Multivitamins Syrup 60ml ', 'Bottles ', 1, '2023-10-29'),
(1089, '268', 'Hernandez', 'Patricia ', 'Baltazar ', '80', 'Multivitamins Syrup 60ml ', 'Bottles ', 1, '2023-10-29'),
(1090, '269', 'Aquino', 'Pedro ', 'Banaag ', '80', 'Multivitamins Syrup 60ml ', 'Bottles ', 1, '2023-10-29'),
(1091, '270', 'Santos', 'Pedro ', 'Caballero ', '80', 'Multivitamins Syrup 60ml ', 'Bottles ', 1, '2023-10-29'),
(1092, '271', 'Santos', 'Pedro ', 'Canlas ', '80', 'Multivitamins Syrup 60ml ', 'Bottles ', 1, '2023-10-29'),
(1093, '272', 'Abad', 'Perlita ', 'Casumpang ', '80', 'Multivitamins Syrup 60ml ', 'Bottles ', 1, '2023-10-29'),
(1094, '273', 'Lee', 'Perlita ', 'Dayrit ', '80', 'Multivitamins Syrup 60ml ', 'Bottles ', 1, '2023-10-29'),
(1095, '274', 'Tan', 'Perlita ', 'Dimaculangan ', '80', 'Multivitamins Syrup 60ml ', 'Bottles ', 1, '2023-10-29'),
(1096, '275', 'Torres', 'Pilar ', 'Enriquez ', '80', 'Multivitamins Syrup 60ml ', 'Bottles ', 1, '2023-10-29'),
(1097, '276', 'Abad', 'Preciosa ', 'Fabian ', '80', 'Multivitamins Syrup 60ml ', 'Bottles ', 1, '2023-10-29'),
(1098, '277', 'Sison', 'Precious ', 'Gabon ', '80', 'Multivitamins Syrup 60ml ', 'Bottles ', 1, '2023-10-29'),
(1099, '278', 'Villanueva', 'Primitivo ', 'Herrera ', '80', 'Multivitamins Syrup 60ml ', 'Bottles ', 1, '2023-10-29'),
(1100, '279', 'Garcia', 'Rafael ', 'Javellana ', '80', 'Multivitamins Syrup 60ml ', 'Bottles ', 1, '2023-10-29'),
(1101, '280', 'Sandoval', 'Rafael ', 'Jimenez ', '80', 'Multivitamins Syrup 60ml ', 'Bottles ', 1, '2023-10-29'),
(1102, '281', 'Villanueva', 'Rafael ', 'Lao ', '80', 'Multivitamins Syrup 60ml ', 'Bottles ', 1, '2023-10-29'),
(1103, '282', 'Tan', 'Ramiro ', 'Lorenzo ', '80', 'Multivitamins Syrup 60ml ', 'Bottles ', 1, '2023-10-29'),
(1104, '283', 'Gonzalez', 'Ramon ', 'Macapagal ', '80', 'Multivitamins Syrup 60ml ', 'Bottles ', 1, '2023-10-29'),
(1105, '284', 'Reyes', 'Ramon ', 'Marcelo ', '80', 'Multivitamins Syrup 60ml ', 'Bottles ', 1, '2023-10-29'),
(1106, '285', 'Santos', 'Raul ', 'Montalban ', '80', 'Multivitamins Syrup 60ml ', 'Bottles ', 1, '2023-10-29'),
(1107, '286', 'Valdez', 'Raul ', 'Navarro ', '80', 'Multivitamins Syrup 60ml ', 'Bottles ', 1, '2023-10-29'),
(1108, '287', 'Santos', 'Rebecca ', 'Ocampo ', '80', 'Multivitamins Syrup 60ml ', 'Bottles ', 1, '2023-10-29'),
(1109, '288', 'Santos', 'Remedios ', 'Padilla ', '80', 'Multivitamins Syrup 60ml ', 'Bottles ', 1, '2023-10-29'),
(1110, '289', 'Santos', 'Renato ', 'Perez ', '80', 'Multivitamins Syrup 60ml ', 'Bottles ', 1, '2023-10-29'),
(1111, '290', 'Villanueva', 'Reynaldo ', 'Quizon ', '80', 'Multivitamins Syrup 60ml ', 'Bottles ', 1, '2023-10-29'),
(1112, '291', 'Aquino', 'Ricardo ', 'Ramirez ', '80', 'Multivitamins Syrup 60ml ', 'Bottles ', 1, '2023-10-29'),
(1113, '292', 'Cruz', 'Ricardo ', 'Roxas ', '80', 'Multivitamins Syrup 60ml ', 'Bottles ', 1, '2023-10-29'),
(1114, '293', 'Villanueva', 'Ricardo ', 'Sarmiento ', '80', 'Multivitamins Syrup 60ml ', 'Bottles ', 1, '2023-10-29'),
(1115, '294', 'Tan', 'Rizal ', 'Serrano ', '80', 'Multivitamins Syrup 60ml ', 'Bottles ', 1, '2023-10-29'),
(1116, '295', 'Lim', 'Roberto ', 'Solis ', '80', 'Multivitamins Syrup 60ml ', 'Bottles ', 1, '2023-10-29'),
(1117, '296', 'Rodriguez', 'Roberto ', 'Tadeo ', '80', 'Multivitamins Syrup 60ml ', 'Bottles ', 1, '2023-10-29'),
(1118, '297', 'Santos', 'Roberto ', 'Tan ', '80', 'Multivitamins Syrup 60ml ', 'Bottles ', 1, '2023-10-29'),
(1119, '298', 'Santos', 'Roderick ', 'Uriarte ', '80', 'Multivitamins Syrup 60ml ', 'Bottles ', 1, '2023-10-29'),
(1120, '299', 'Lim', 'Rodolfo ', 'Villanueva ', '80', 'Multivitamins Syrup 60ml ', 'Bottles ', 1, '2023-10-29'),
(1121, '300', 'Perez', 'Rodolfo ', 'Yabut ', '80', 'Multivitamins Syrup 60ml ', 'Bottles ', 1, '2023-10-29'),
(1122, '301', 'Ramos', 'Rodolfo ', 'Zabala ', '80', 'Multivitamins Syrup 60ml ', 'Bottles ', 1, '2023-10-29'),
(1123, '302', 'Aquino', 'Rodrigo ', 'Reyes ', '80', 'Multivitamins Syrup 60ml ', 'Bottles ', 1, '2023-10-29'),
(1124, '303', 'Villanueva', 'Rodrigo ', 'Dela Cruz ', '80', 'Multivitamins Syrup 60ml ', 'Bottles ', 1, '2023-10-29'),
(1125, '304', 'Lim', 'Roel ', 'Santos ', '80', 'Multivitamins Syrup 60ml ', 'Bottles ', 1, '2023-10-29'),
(1126, '305', 'Magno', 'Rogelio ', 'Cruz ', '80', 'Multivitamins Syrup 60ml ', 'Bottles ', 1, '2023-10-29'),
(1127, '306', 'Santos', 'Rogelio ', 'Gonzales ', '80', 'Multivitamins Syrup 60ml ', 'Bottles ', 1, '2023-10-29'),
(1128, '307', 'Santos', 'Rogelio ', 'Bautista ', '80', 'Multivitamins Syrup 60ml ', 'Bottles ', 1, '2023-10-29'),
(1129, '308', 'Dela Cruz', 'Rolando ', 'Lim ', '80', 'Multivitamins Syrup 60ml ', 'Bottles ', 1, '2023-10-29'),
(1130, '309', 'Perez', 'Romeo ', 'Fernandez ', '80', 'Multivitamins Syrup 60ml ', 'Bottles ', 1, '2023-10-29'),
(1131, '310', 'Perez', 'Romeo ', 'Aquino ', '80', 'Multivitamins Syrup 60ml ', 'Bottles ', 1, '2023-10-29'),
(1132, '311', 'Lim', 'Rommel ', 'Magno ', '80', 'Multivitamins Syrup 60ml ', 'Bottles ', 1, '2023-10-29'),
(1133, '312', 'Aquino', 'Romulo ', 'Sison ', '80', 'Multivitamins Syrup 60ml ', 'Bottles ', 1, '2023-10-29'),
(1134, '313', 'Perez', 'Ronaldo ', 'De Guzman ', '80', 'Multivitamins Syrup 60ml ', 'Bottles ', 1, '2023-10-29'),
(1135, '314', 'Gonzales', 'Rosa ', 'Abad ', '80', 'Multivitamins Syrup 60ml ', 'Bottles ', 1, '2023-10-29'),
(1136, '315', 'Cruz', 'Rosalinda ', 'Alonzo ', '80', 'Multivitamins Syrup 60ml ', 'Bottles ', 1, '2023-10-29'),
(1137, '316', 'Garcia', 'Rosalinda ', 'Alvaro ', '80', 'Multivitamins Syrup 60ml ', 'Bottles ', 1, '2023-10-29'),
(1138, '317', 'Gonzales', 'Rosalinda ', 'Balagtas ', '80', 'Multivitamins Syrup 60ml ', 'Bottles ', 1, '2023-10-29'),
(1139, '318', 'Ocampo', 'Rosalinda ', 'Baltazar ', '80', 'Multivitamins Syrup 60ml ', 'Bottles ', 1, '2023-10-29'),
(1140, '319', 'Cruz', 'Rosario ', 'Banaag ', '80', 'Multivitamins Syrup 60ml ', 'Bottles ', 1, '2023-10-29'),
(1141, '320', 'Reyes', 'Rosario ', 'Caballero ', '80', 'Multivitamins Syrup 60ml ', 'Bottles ', 1, '2023-10-29'),
(1142, '321', 'Gonzales', 'Rosita ', 'Canlas ', '80', 'Multivitamins Syrup 60ml ', 'Bottles ', 1, '2023-10-29'),
(1143, '322', 'Lim', 'Ruben ', 'Casumpang ', '80', 'Multivitamins Syrup 60ml ', 'Bottles ', 1, '2023-10-29'),
(1144, '323', 'Reyes', 'Ruben ', 'Dayrit ', '80', 'Multivitamins Syrup 60ml ', 'Bottles ', 1, '2023-10-29'),
(1145, '324', 'Tan', 'Ruby ', 'Dimaculangan ', '80', 'Multivitamins Syrup 60ml ', 'Bottles ', 1, '2023-10-29'),
(1146, '325', 'dela Cruz', 'Salvador ', 'Enriquez ', '80', 'Multivitamins Syrup 60ml ', 'Bottles ', 1, '2023-10-29'),
(1147, '326', 'Ramos', 'Santiago ', 'Fabian ', '80', 'Multivitamins Syrup 60ml ', 'Bottles ', 1, '2023-10-29'),
(1148, '327', 'Del Rosario', 'Socorro ', 'Gabon ', '80', 'Multivitamins Syrup 60ml ', 'Bottles ', 1, '2023-10-29'),
(1149, '328', 'Tan', 'Sofia ', 'Herrera ', '80', 'Multivitamins Syrup 60ml ', 'Bottles ', 1, '2023-10-29'),
(1150, '329', 'Garcia', 'Teodoro ', 'Javellana ', '80', 'Multivitamins Syrup 60ml ', 'Bottles ', 1, '2023-10-29'),
(1151, '330', 'Lim', 'Teofilo ', 'Jimenez ', '80', 'Multivitamins Syrup 60ml ', 'Bottles ', 1, '2023-10-29'),
(1152, '331', 'Lee', 'Teresa ', 'Lao ', '80', 'Multivitamins Syrup 60ml ', 'Bottles ', 1, '2023-10-29'),
(1153, '332', 'Rodriguez', 'Teresa ', 'Lorenzo ', '80', 'Multivitamins Syrup 60ml ', 'Bottles ', 1, '2023-10-29'),
(1154, '333', 'Santos', 'Teresa ', 'Macapagal ', '80', 'Multivitamins Syrup 60ml ', 'Bottles ', 1, '2023-10-29'),
(1155, '334', 'Cruz', 'Teresita ', 'Marcelo ', '80', 'Multivitamins Syrup 60ml ', 'Bottles ', 1, '2023-10-29'),
(1156, '335', 'Yu', 'Teresita ', 'Montalban ', '80', 'Multivitamins Syrup 60ml ', 'Bottles ', 1, '2023-10-29'),
(1157, '336', 'Garcia', 'Tomas ', 'Navarro ', '80', 'Multivitamins Syrup 60ml ', 'Bottles ', 1, '2023-10-29'),
(1158, '337', 'Reyes', 'Vanessa ', 'Ocampo ', '80', 'Multivitamins Syrup 60ml ', 'Bottles ', 1, '2023-10-29'),
(1159, '338', 'Garcia', 'Veronica ', 'Padilla ', '80', 'Multivitamins Syrup 60ml ', 'Bottles ', 1, '2023-10-29'),
(1160, '339', 'Torres', 'Veronica ', 'Perez ', '80', 'Multivitamins Syrup 60ml ', 'Bottles ', 1, '2023-10-29'),
(1161, '340', 'Aquino', 'Victor ', 'Quizon ', '80', 'Multivitamins Syrup 60ml ', 'Bottles ', 1, '2023-10-29'),
(1162, '341', 'De Guzman', 'Victor ', 'Ramirez ', '80', 'Multivitamins Syrup 60ml ', 'Bottles ', 1, '2023-10-29'),
(1163, '342', 'Perez', 'Victor ', 'Roxas ', '80', 'Multivitamins Syrup 60ml ', 'Bottles ', 1, '2023-10-29'),
(1164, '343', 'Valdez', 'Victor ', 'Sarmiento ', '80', 'Multivitamins Syrup 60ml ', 'Bottles ', 1, '2023-10-29'),
(1165, '344', 'Santos', 'Victoria ', 'Serrano ', '80', 'Multivitamins Syrup 60ml ', 'Bottles ', 1, '2023-10-29'),
(1166, '345', 'dela Cruz', 'Virgilio ', 'Solis ', '80', 'Multivitamins Syrup 60ml ', 'Bottles ', 1, '2023-10-29'),
(1167, '346', 'Gonzales', 'Yolanda ', 'Tadeo ', '80', 'Multivitamins Syrup 60ml ', 'Bottles ', 1, '2023-10-29'),
(1168, '347', 'Rodriguez', 'Yolanda ', 'Tan ', '80', 'Multivitamins Syrup 60ml ', 'Bottles ', 1, '2023-10-29'),
(1169, '348', 'Santos', 'Yolanda ', 'Uriarte ', '80', 'Multivitamins Syrup 60ml ', 'Bottles ', 1, '2023-10-29');

-- --------------------------------------------------------

--
-- Table structure for table `residentrecords`
--

CREATE TABLE `residentrecords` (
  `residentId` int(30) NOT NULL,
  `productId` int(30) NOT NULL,
  `lastName` varchar(200) NOT NULL,
  `firstName` varchar(200) NOT NULL,
  `middleName` varchar(200) NOT NULL,
  `dateBirth` date NOT NULL,
  `age` int(10) NOT NULL,
  `sex` varchar(10) NOT NULL,
  `civilStatus` varchar(20) NOT NULL,
  `address` varchar(100) NOT NULL,
  `contactNumber` varchar(11) NOT NULL
) ENGINE=InnoDB DEFAULT CHARSET=utf8mb4 COLLATE=utf8mb4_general_ci;

--
-- Dumping data for table `residentrecords`
--

INSERT INTO `residentrecords` (`residentId`, `productId`, `lastName`, `firstName`, `middleName`, `dateBirth`, `age`, `sex`, `civilStatus`, `address`, `contactNumber`) VALUES
(312, 100, 'Manalo', 'John', '', '2000-06-08', 23, 'Male', 'single', 'IlangIlang', '09875264363');

-- --------------------------------------------------------

--
-- Table structure for table `user`
--

CREATE TABLE `user` (
  `id` int(11) NOT NULL,
  `email` varchar(255) NOT NULL,
  `password` varchar(255) NOT NULL,
  `fname` varchar(255) NOT NULL,
  `lname` varchar(200) NOT NULL,
  `usertype` int(2) NOT NULL,
  `address` varchar(200) NOT NULL,
  `mobile_number` varchar(12) NOT NULL,
  `photo` varchar(200) NOT NULL,
  `reset_token_hash` varchar(64) NOT NULL,
  `reset_token_expires_at` datetime(6) NOT NULL
) ENGINE=InnoDB DEFAULT CHARSET=latin1 COLLATE=latin1_swedish_ci;

--
-- Dumping data for table `user`
--

INSERT INTO `user` (`id`, `email`, `password`, `fname`, `lname`, `usertype`, `address`, `mobile_number`, `photo`, `reset_token_hash`, `reset_token_expires_at`) VALUES
(1, 'glennarcega177@gmail.com', '1106a08ad857cb393a67e355d0d48df6', 'glenn', 'arcega', 1, 'tabangao ambulong', '09213721736', 'profile.jpg', '', '0000-00-00 00:00:00.000000'),
(86, 'gmadmsnd', 'd41d8cd98f00b204e9800998ecf8427e', 'bhw', 'bhw', 2, 'bhw1234', '09326736273', 'profile.jpg', '', '0000-00-00 00:00:00.000000'),
(87, 'bhw@gmail.com', '25d55ad283aa400af464c76d713c07ad', 'ako', 'ako', 2, 'ako', '09239218922', '', '', '0000-00-00 00:00:00.000000'),
(88, 'frd', 'd41d8cd98f00b204e9800998ecf8427e', 'si', 'si', 2, 'si', '09328738284', '', '', '0000-00-00 00:00:00.000000');

-- --------------------------------------------------------

--
-- Table structure for table `usertypes`
--

CREATE TABLE `usertypes` (
  `id` int(10) NOT NULL,
  `usertypes` varchar(100) NOT NULL
) ENGINE=InnoDB DEFAULT CHARSET=utf8mb4 COLLATE=utf8mb4_general_ci;

--
-- Dumping data for table `usertypes`
--

INSERT INTO `usertypes` (`id`, `usertypes`) VALUES
(1, 'admin'),
(2, 'bhw\r\n');

--
-- Indexes for dumped tables
--

--
-- Indexes for table `contraceptivemethod_request`
--
ALTER TABLE `contraceptivemethod_request`
  ADD PRIMARY KEY (`contraceptiveId`);

--
-- Indexes for table `medicines`
--
ALTER TABLE `medicines`
  ADD PRIMARY KEY (`productId`),
  ADD KEY `productId` (`productId`);

--
-- Indexes for table `record_data_graph`
--
ALTER TABLE `record_data_graph`
  ADD PRIMARY KEY (`recordId`);

--
-- Indexes for table `request_medicine`
--
ALTER TABLE `request_medicine`
  ADD PRIMARY KEY (`req_med_Id`);

--
-- Indexes for table `residentrecords`
--
ALTER TABLE `residentrecords`
  ADD PRIMARY KEY (`residentId`);

--
-- Indexes for table `user`
--
ALTER TABLE `user`
  ADD PRIMARY KEY (`id`);

--
-- Indexes for table `usertypes`
--
ALTER TABLE `usertypes`
  ADD PRIMARY KEY (`id`);

--
-- AUTO_INCREMENT for dumped tables
--

--
-- AUTO_INCREMENT for table `contraceptivemethod_request`
--
ALTER TABLE `contraceptivemethod_request`
  MODIFY `contraceptiveId` int(100) NOT NULL AUTO_INCREMENT, AUTO_INCREMENT=35;

--
-- AUTO_INCREMENT for table `medicines`
--
ALTER TABLE `medicines`
  MODIFY `productId` int(30) NOT NULL AUTO_INCREMENT, AUTO_INCREMENT=104;

--
-- AUTO_INCREMENT for table `record_data_graph`
--
ALTER TABLE `record_data_graph`
  MODIFY `recordId` int(100) NOT NULL AUTO_INCREMENT, AUTO_INCREMENT=11;

--
-- AUTO_INCREMENT for table `request_medicine`
--
ALTER TABLE `request_medicine`
  MODIFY `req_med_Id` int(11) NOT NULL AUTO_INCREMENT, AUTO_INCREMENT=1170;

--
-- AUTO_INCREMENT for table `residentrecords`
--
ALTER TABLE `residentrecords`
  MODIFY `residentId` int(30) NOT NULL AUTO_INCREMENT, AUTO_INCREMENT=313;

--
-- AUTO_INCREMENT for table `user`
--
ALTER TABLE `user`
  MODIFY `id` int(11) NOT NULL AUTO_INCREMENT, AUTO_INCREMENT=89;
COMMIT;

/*!40101 SET CHARACTER_SET_CLIENT=@OLD_CHARACTER_SET_CLIENT */;
/*!40101 SET CHARACTER_SET_RESULTS=@OLD_CHARACTER_SET_RESULTS */;
/*!40101 SET COLLATION_CONNECTION=@OLD_COLLATION_CONNECTION */;
